ID,Total Pop,Deviation,Dem,Rep,Oth,Total VAP,White,Minority,Hispanic,Black,Asian,Native,Pacific
"Un",0,0,0,0,0,0,0,0,0,0,0,0,0,
"1",36931,-0.022,0.2259,0.7368,0.0373,29079,0.9294,0.0706,0.015,0.0152,0.0159,0.0184,0.0009,
"2",37183,-0.0153,0.1741,0.7864,0.0395,28187,0.941,0.059,0.0156,0.0081,0.0063,0.0229,0.002,
"3",37874,0.003,0.2508,0.7144,0.0348,30275,0.8635,0.1365,0.0454,0.0414,0.0266,0.0224,0.0008,
"4",37294,-0.0123,0.1814,0.7788,0.0397,28186,0.9532,0.0468,0.0103,0.0108,0.0051,0.0182,0.0011,
"5",38880,0.0297,0.2022,0.7635,0.0344,30014,0.9061,0.0939,0.0135,0.0425,0.007,0.0233,0.0015,
"6",37644,-0.0031,0.2162,0.7416,0.0423,29267,0.8874,0.1126,0.017,0.0558,0.0076,0.0255,0.001,
"7",38608,0.0225,0.2028,0.7545,0.0426,30076,0.9326,0.0674,0.0139,0.0184,0.0055,0.0239,0.0009,
"8",38420,0.0175,0.2954,0.664,0.0406,29131,0.9002,0.0998,0.0294,0.0196,0.0118,0.0313,0.0015,
"9",37840,0.0021,0.2236,0.7227,0.0537,29117,0.9119,0.0881,0.0181,0.032,0.0071,0.026,0.0007,
"10",37451,-0.0082,0.4058,0.5414,0.0527,29023,0.8008,0.1992,0.0647,0.0828,0.0149,0.0312,0.0057,
"11",38745,0.0261,0.3303,0.6257,0.0441,30341,0.8382,0.1618,0.0561,0.0533,0.0185,0.0268,0.0062,
"12",38147,0.0102,0.4872,0.4749,0.0378,28566,0.7661,0.2339,0.061,0.0979,0.0352,0.0293,0.0066,
"13",38797,0.0275,0.3083,0.661,0.0307,29721,0.8731,0.1269,0.0363,0.0339,0.0195,0.0262,0.0028,
"14",38371,0.0162,0.5053,0.4565,0.0383,29667,0.76,0.24,0.0652,0.098,0.0399,0.0266,0.0099,
"15",38417,0.0174,0.5129,0.4448,0.0422,30262,0.7538,0.2462,0.0737,0.0974,0.0335,0.0343,0.0087,
"16",37066,-0.0184,0.4752,0.4893,0.0355,27586,0.7738,0.2262,0.069,0.0899,0.0353,0.0289,0.0041,
"17",38465,0.0187,0.4696,0.4885,0.0419,28720,0.7428,0.2572,0.0814,0.1026,0.0345,0.0318,0.0046,
"18",37053,-0.0187,0.5798,0.3732,0.0471,29545,0.694,0.306,0.0903,0.122,0.0561,0.0332,0.0079,
"19",36904,-0.0227,0.7105,0.2358,0.0537,27124,0.3671,0.6329,0.4006,0.1331,0.0798,0.0368,0.0039,
"20",38877,0.0296,0.4011,0.5377,0.0612,29049,0.7874,0.2126,0.0698,0.0684,0.016,0.0417,0.013,
"21",38792,0.0273,0.4512,0.4705,0.0784,29831,0.7149,0.2851,0.1194,0.0976,0.014,0.0472,0.009,
"22",37933,0.0046,0.725,0.2196,0.0554,28915,0.3264,0.6736,0.105,0.5347,0.0116,0.0339,0.0044,
"23",36835,-0.0245,0.8228,0.1248,0.0523,26995,0.205,0.795,0.2122,0.5269,0.0415,0.034,0.0041,
"24",37008,-0.0199,0.8156,0.1408,0.0436,34089,0.7024,0.2976,0.0904,0.133,0.0526,0.0263,0.0027,
"25",37069,-0.0183,0.7416,0.2262,0.0322,30969,0.8508,0.1492,0.0457,0.042,0.0367,0.0193,0.0009,
"26",36948,-0.0215,0.8,0.156,0.044,28390,0.3486,0.6514,0.065,0.541,0.0268,0.0299,0.0023,
"27",36655,-0.0293,0.8404,0.1147,0.0449,28576,0.3205,0.6795,0.0689,0.5738,0.0207,0.0267,0.0017,
"28",37211,-0.0145,0.6296,0.3055,0.065,29302,0.5532,0.4468,0.0693,0.3283,0.018,0.0314,0.0047,
"29",38777,0.0269,0.4864,0.4587,0.0549,31559,0.7529,0.2471,0.0886,0.0967,0.0227,0.0334,0.008,
"30",37486,-0.0073,0.4642,0.4952,0.0407,27940,0.8139,0.1861,0.0409,0.0829,0.0325,0.026,0.0018,
"31",38739,0.0259,0.4314,0.5167,0.0519,28710,0.808,0.192,0.052,0.0819,0.0201,0.0323,0.0034,
"32",38837,0.0285,0.3038,0.6502,0.0459,28587,0.8741,0.1259,0.0409,0.0236,0.0111,0.039,0.0037,
"33",38134,0.0099,0.371,0.584,0.045,28216,0.8409,0.1591,0.0404,0.0634,0.0192,0.0291,0.0034,
"34",38077,0.0084,0.4779,0.4749,0.0473,28433,0.7733,0.2267,0.0519,0.1106,0.0302,0.031,0.0027,
"35",37958,0.0052,0.538,0.4246,0.0374,29026,0.7157,0.2843,0.0404,0.1912,0.029,0.0216,0.0019,
"36",37227,-0.0141,0.5813,0.3717,0.047,28920,0.5323,0.4677,0.0932,0.3228,0.0282,0.0313,0.0017,
"37",37737,-0.0006,0.6693,0.2865,0.0442,29536,0.4638,0.5362,0.0735,0.4155,0.0278,0.0278,0.0028,
"38",37773,0.0003,0.447,0.5152,0.0377,27986,0.8478,0.1522,0.0448,0.0532,0.0212,0.0276,0.0023,
"39",38649,0.0235,0.3389,0.6258,0.0354,27886,0.8826,0.1174,0.035,0.0299,0.0142,0.0298,0.0009,
"40",38719,0.0254,0.1996,0.7683,0.0321,29551,0.9029,0.0971,0.0167,0.04,0.0043,0.027,0.001,
"41",38442,0.0181,0.2252,0.734,0.0409,28346,0.8937,0.1063,0.0248,0.028,0.0091,0.0326,0.0009,
"42",38781,0.027,0.2334,0.7328,0.0338,29806,0.8982,0.1018,0.0293,0.0237,0.0077,0.0308,0.0006,
"43",38668,0.024,0.2191,0.7263,0.0546,29640,0.8937,0.1063,0.0209,0.0476,0.0062,0.0254,0.001,
"44",36833,-0.0246,0.3547,0.6029,0.0424,27456,0.8718,0.1282,0.0215,0.0529,0.0154,0.0303,0.0015,
"45",36657,-0.0292,0.6953,0.2592,0.0456,32898,0.739,0.261,0.0431,0.1261,0.0688,0.0185,0.0017,
"46",36697,-0.0282,0.5785,0.3716,0.0499,27723,0.6722,0.3278,0.0536,0.1942,0.0477,0.0308,0.003,
"47",36686,-0.0284,0.513,0.4497,0.0373,28158,0.8401,0.1599,0.0278,0.0558,0.0442,0.0239,0.0014,
"48",36748,-0.0268,0.2422,0.7111,0.0467,28620,0.8908,0.1092,0.0147,0.0545,0.0062,0.026,0.0015,
"49",38868,0.0293,0.2713,0.6651,0.0635,30579,0.8788,0.1212,0.0185,0.0552,0.0091,0.0308,0.0016,
"50",36737,-0.0271,0.5239,0.4403,0.0358,29017,0.7692,0.2308,0.0462,0.0889,0.0728,0.02,0.0014,
"51",38562,0.0212,0.2621,0.6993,0.0386,29888,0.8256,0.1744,0.0731,0.0514,0.0079,0.0238,0.0101,
"52",36697,-0.0282,0.2555,0.702,0.0426,27622,0.8221,0.1779,0.0833,0.043,0.0115,0.0321,0.0036,
"53",37231,-0.014,0.2598,0.6939,0.0463,28626,0.9018,0.0982,0.0248,0.0211,0.0065,0.0358,0.0017,
"54",38080,0.0085,0.3002,0.655,0.0449,30099,0.8372,0.1628,0.0366,0.0588,0.0253,0.0347,0.0045,
"55",38844,0.0287,0.2757,0.6745,0.0498,29274,0.894,0.106,0.0296,0.0239,0.0098,0.034,0.001,
"56",37989,0.0061,0.4042,0.5433,0.0526,28280,0.7812,0.2188,0.062,0.0957,0.0187,0.0338,0.0031,
"57",38774,0.0268,0.2078,0.7513,0.041,29740,0.8895,0.1105,0.0317,0.0243,0.0152,0.0315,0.0032,
"58",36674,-0.0288,0.1812,0.7706,0.0483,27896,0.9099,0.0901,0.0299,0.0161,0.0054,0.0305,0.0015,
"59",38432,0.0178,0.2298,0.7281,0.0421,29015,0.8886,0.1114,0.026,0.0443,0.0129,0.0234,0.0013,
"60",38847,0.0288,0.3916,0.5531,0.0553,31148,0.7619,0.2381,0.0299,0.1632,0.0197,0.0198,0.0023,
"61",37563,-0.0052,0.163,0.8105,0.0265,29287,0.9429,0.0571,0.0106,0.0076,0.0047,0.0269,0.0016,
"62",37098,-0.0175,0.2546,0.7005,0.045,28797,0.8985,0.1015,0.0277,0.0228,0.0082,0.033,0.0014,
"63",36937,-0.0218,0.3363,0.6214,0.0423,26015,0.8586,0.1414,0.0289,0.0621,0.0216,0.0233,0.0013,
"64",36825,-0.0248,0.3188,0.6402,0.041,27137,0.881,0.119,0.0247,0.046,0.0181,0.0233,0.0019,
"65",36769,-0.0262,0.3817,0.5754,0.0429,28879,0.862,0.138,0.0303,0.0494,0.0273,0.0239,0.0011,
"66",36683,-0.0285,0.8435,0.1104,0.0462,26327,0.1486,0.8514,0.0138,0.826,0.0056,0.015,0.0008,
"67",36717,-0.0276,0.8247,0.1394,0.036,29142,0.2208,0.7792,0.0142,0.7381,0.0167,0.0129,0.0009,
"68",37511,-0.0066,0.7181,0.238,0.0439,29065,0.4259,0.5741,0.0208,0.5222,0.0135,0.0193,0.0006,
"69",36702,-0.028,0.4024,0.5589,0.0387,28569,0.8695,0.1305,0.0275,0.0419,0.0351,0.018,0.0008,
"70",37377,-0.0101,0.6185,0.3374,0.0441,28949,0.5414,0.4586,0.0447,0.3611,0.0283,0.024,0.0016,
"71",36812,-0.0251,0.6068,0.3636,0.0296,30276,0.726,0.274,0.0311,0.1088,0.1139,0.0129,0.0011,
"72",38351,0.0156,0.5989,0.3448,0.0563,30322,0.5814,0.4186,0.082,0.2483,0.0589,0.0275,0.0014,
"73",37542,-0.0058,0.7771,0.171,0.0519,27925,0.2688,0.7312,0.0662,0.6357,0.0126,0.0223,0.0017,
"74",37179,-0.0154,0.8023,0.1508,0.0469,28433,0.2443,0.7557,0.046,0.6801,0.0209,0.0192,0.0009,
"75",36699,-0.0281,0.7284,0.2255,0.0461,27656,0.4147,0.5853,0.0255,0.5276,0.0149,0.0199,0.0009,
"76",36636,-0.0298,0.8667,0.0897,0.0437,29406,0.2639,0.7361,0.0254,0.6881,0.0142,0.0161,0.0011,
"77",37188,-0.0152,0.8677,0.0961,0.0362,31808,0.3473,0.6527,0.032,0.5201,0.0872,0.012,0.0015,
"78",37530,-0.0061,0.8391,0.111,0.0498,29197,0.3585,0.6415,0.0569,0.5448,0.031,0.0192,0.0013,
"79",36654,-0.0293,0.8665,0.09,0.0435,30685,0.3798,0.6202,0.0301,0.5241,0.0538,0.0151,0.0013,
"80",38606,0.0224,0.8018,0.1518,0.0464,31514,0.5475,0.4525,0.0788,0.2712,0.0831,0.0206,0.0006,
"81",38592,0.022,0.6952,0.2511,0.0538,30703,0.5976,0.4024,0.0708,0.2576,0.0433,0.0298,0.0017,
"82",38772,0.0268,0.6727,0.292,0.0352,33082,0.8491,0.1509,0.0339,0.0631,0.0296,0.0179,0.001,
"83",36642,-0.0296,0.6514,0.3148,0.0338,30070,0.8106,0.1894,0.0325,0.0828,0.0529,0.016,0.001,
"84",37600,-0.0042,0.8346,0.1265,0.0389,31152,0.3571,0.6429,0.0362,0.521,0.0733,0.0145,0.0012,
"85",36686,-0.0284,0.8909,0.0639,0.0452,27224,0.0674,0.9326,0.01,0.914,0.0054,0.01,0.0005,
"86",36645,-0.0295,0.796,0.1712,0.0328,30511,0.5056,0.4944,0.0363,0.3569,0.0868,0.0134,0.0013,
"87",36645,-0.0295,0.5844,0.3772,0.0384,29721,0.6534,0.3466,0.0399,0.133,0.1509,0.0163,0.0011,
"88",38857,0.029,0.3858,0.5827,0.0315,29503,0.8693,0.1307,0.0249,0.0384,0.0424,0.0183,0.0009,
"89",36950,-0.0215,0.4302,0.5471,0.0227,28894,0.8219,0.1781,0.0365,0.0295,0.0967,0.0096,0.0012,
"90",36707,-0.0279,0.5734,0.3997,0.0269,27660,0.8868,0.1132,0.0216,0.0505,0.0222,0.0136,0.0011,
"91",36700,-0.0281,0.6646,0.3055,0.03,28425,0.8457,0.1543,0.0288,0.0762,0.028,0.0162,0.0005,
"92",37172,-0.0156,0.4973,0.4673,0.0354,29942,0.8887,0.1113,0.0233,0.0252,0.037,0.0188,0.001,
"93",36663,-0.0291,0.5049,0.448,0.0471,29471,0.8343,0.1657,0.0358,0.0436,0.0565,0.0233,0.0013,
"94",37033,-0.0193,0.4353,0.5352,0.0295,30436,0.8851,0.1149,0.0246,0.0368,0.0284,0.0192,0.0009,
"95",36689,-0.0284,0.3934,0.5823,0.0244,29397,0.9138,0.0862,0.0193,0.0155,0.0277,0.0142,0.0007,
"96",36712,-0.0278,0.4764,0.4956,0.028,28573,0.9053,0.0947,0.0206,0.0175,0.0324,0.0161,0.0007,
"97",37665,-0.0025,0.3467,0.6022,0.0511,29246,0.8887,0.1113,0.0305,0.0163,0.019,0.0325,0.0006,
"98",38834,0.0284,0.4863,0.4768,0.0369,30436,0.8199,0.1801,0.0348,0.0392,0.082,0.0181,0.0006,
"99",36741,-0.027,0.6394,0.3375,0.0232,28522,0.7169,0.2831,0.0299,0.1161,0.1232,0.0084,0.0012,
"100",37955,0.0052,0.4752,0.4927,0.0321,29233,0.8246,0.1754,0.0282,0.0334,0.0916,0.017,0.0005,
"101",37597,-0.0043,0.4671,0.5121,0.0208,29501,0.7868,0.2132,0.0303,0.0292,0.1369,0.0098,0.0005,
"102",36867,-0.0237,0.3407,0.625,0.0343,28447,0.8932,0.1068,0.0232,0.0362,0.0213,0.0194,0.0015,
"103",37061,-0.0185,0.382,0.5729,0.0451,28067,0.8269,0.1731,0.0424,0.0668,0.0296,0.0256,0.001,
"104",36633,-0.0299,0.4442,0.5105,0.0453,29091,0.8518,0.1482,0.0276,0.0572,0.0318,0.022,0.0015,
"105",36927,-0.0221,0.466,0.4849,0.0491,30374,0.7609,0.2391,0.0613,0.099,0.0511,0.0221,0.0021,
"106",36865,-0.0237,0.4511,0.5037,0.0453,29601,0.852,0.148,0.0366,0.0633,0.0214,0.0201,0.001,
"107",36850,-0.0241,0.3704,0.5942,0.0354,27356,0.8387,0.1613,0.0264,0.0433,0.0678,0.0173,0.0008,
"108",36826,-0.0247,0.3558,0.6029,0.0414,27081,0.8521,0.1479,0.0336,0.0501,0.0351,0.0201,0.0013,
"109",38633,0.0231,0.2597,0.6997,0.0406,30122,0.9338,0.0662,0.017,0.009,0.0087,0.0224,0.0012,
"110",38026,0.007,0.3671,0.6085,0.0244,28763,0.8695,0.1305,0.0269,0.0191,0.0623,0.0143,0.0005,
"111",36844,-0.0243,0.2809,0.6717,0.0474,28595,0.9218,0.0782,0.0169,0.0082,0.0085,0.032,0.0007,
"112",38456,0.0184,0.3139,0.637,0.0491,28752,0.9105,0.0895,0.0208,0.0112,0.0123,0.0302,0.001,
"113",38339,0.0153,0.3317,0.6182,0.05,29725,0.9064,0.0936,0.0226,0.0111,0.0152,0.0288,0.0013,
"114",38109,0.0092,0.3019,0.643,0.0551,29008,0.9022,0.0978,0.0171,0.026,0.0097,0.0333,0.0013,
"115",37326,-0.0115,0.2523,0.6975,0.0502,29024,0.9266,0.0734,0.0127,0.0076,0.0056,0.0345,0.0004,
"116",38829,0.0283,0.2164,0.7376,0.046,30746,0.8992,0.1008,0.0169,0.0386,0.0107,0.027,0.001,
"117",38857,0.029,0.2395,0.7165,0.044,30408,0.888,0.112,0.0127,0.0522,0.0052,0.0292,0.0012,
"118",38870,0.0294,0.2155,0.7435,0.041,30381,0.9206,0.0794,0.0103,0.0235,0.0052,0.0276,0.0009,
"119",38755,0.0263,0.2861,0.6618,0.0521,29531,0.9063,0.0937,0.0193,0.0192,0.009,0.0327,0.001,
"120",37477,-0.0075,0.1737,0.7935,0.0328,29091,0.9213,0.0787,0.0152,0.0081,0.006,0.0395,0.0011,
"121",38731,0.0257,0.3047,0.6213,0.074,30109,0.6002,0.3998,0.1342,0.1767,0.0629,0.0296,0.0119,
"122",38732,0.0257,0.2812,0.6793,0.0395,30801,0.8524,0.1476,0.0242,0.0309,0.0489,0.0345,0.0013,
"123",38872,0.0294,0.2109,0.7459,0.0433,31903,0.921,0.079,0.0258,0.008,0.0083,0.0276,0.0014,
"124",38524,0.0202,0.1674,0.7854,0.0472,29487,0.9099,0.0901,0.0235,0.0158,0.0101,0.0333,0.0034,
"125",38766,0.0266,0.1786,0.7784,0.0429,29371,0.9205,0.0795,0.0174,0.0112,0.0067,0.0324,0.0019,
"126",36657,-0.0292,0.2187,0.7383,0.043,28983,0.9216,0.0784,0.0167,0.0098,0.006,0.0357,0.0012,
"127",36929,-0.022,0.1394,0.8262,0.0345,27711,0.9059,0.0941,0.022,0.0068,0.0049,0.0485,0.0012,
"128",37207,-0.0147,0.1758,0.7898,0.0344,28755,0.9218,0.0782,0.0187,0.01,0.0066,0.0341,0.0009,
"129",38854,0.029,0.1692,0.7829,0.0479,28326,0.9269,0.0731,0.0163,0.0075,0.0063,0.0353,0.0007,
"130",38033,0.0072,0.2961,0.6683,0.0356,28096,0.8704,0.1296,0.0378,0.0259,0.0161,0.0397,0.0017,
"131",36651,-0.0294,0.2233,0.7463,0.0303,27977,0.912,0.088,0.0193,0.013,0.0088,0.0376,0.001,
"132",37115,-0.0171,0.4828,0.4597,0.0575,30600,0.7901,0.2099,0.0494,0.0832,0.0244,0.0457,0.0055,
"133",37680,-0.0021,0.4551,0.491,0.0539,30859,0.7951,0.2049,0.0656,0.063,0.031,0.042,0.0027,
"134",37447,-0.0083,0.3509,0.614,0.0351,28950,0.8478,0.1522,0.0349,0.0322,0.0434,0.0345,0.0029,
"135",37546,-0.0057,0.4925,0.4597,0.0478,31186,0.812,0.188,0.0507,0.0648,0.0249,0.0401,0.0035,
"136",37448,-0.0083,0.4722,0.489,0.0389,30773,0.8451,0.1549,0.0428,0.038,0.0357,0.0341,0.0024,
"137",36995,-0.0203,0.2848,0.6889,0.0263,29003,0.9024,0.0976,0.0217,0.0104,0.0278,0.0294,0.001,
"138",38757,0.0264,0.1662,0.7994,0.0345,31322,0.9195,0.0805,0.02,0.0056,0.0061,0.0397,0.0016,
"139",38745,0.0261,0.2322,0.7264,0.0414,28618,0.9001,0.0999,0.028,0.0121,0.0143,0.037,0.0016,
"140",38748,0.0262,0.2156,0.7455,0.0389,28399,0.9021,0.0979,0.0306,0.0114,0.0107,0.036,0.0019,
"141",38815,0.0279,0.1245,0.8458,0.0297,29409,0.9249,0.0751,0.0155,0.0074,0.0056,0.0371,0.0014,
"142",38875,0.0295,0.163,0.7925,0.0446,29507,0.9157,0.0843,0.0202,0.0105,0.0066,0.0377,0.0014,
"143",38825,0.0282,0.1543,0.8083,0.0374,30437,0.9073,0.0927,0.017,0.0283,0.0055,0.0331,0.0012,
"144",38615,0.0226,0.1723,0.7789,0.0487,30370,0.9282,0.0718,0.0126,0.0092,0.0049,0.0364,0.0008,
"145",37435,-0.0086,0.2204,0.7417,0.0379,29089,0.9356,0.0644,0.014,0.0139,0.0065,0.0211,0.0009,
"146",38840,0.0286,0.1711,0.7866,0.0423,29839,0.9169,0.0831,0.0152,0.0237,0.0113,0.0254,0.0003,
"147",38871,0.0294,0.3693,0.5706,0.06,31440,0.7783,0.2217,0.0309,0.1327,0.0313,0.0227,0.0008,
"148",38059,0.0079,0.1985,0.7667,0.0348,28941,0.8328,0.1672,0.019,0.1104,0.0055,0.0258,0.0006,
"149",38739,0.0259,0.2586,0.6981,0.0433,29574,0.719,0.281,0.0149,0.2392,0.0041,0.0204,0.0009,
"150",38590,0.022,0.1644,0.7943,0.0413,29245,0.821,0.179,0.0468,0.0969,0.0043,0.0257,0.0012,
"151",38834,0.0284,0.1357,0.8237,0.0406,30035,0.9372,0.0628,0.0142,0.0113,0.0044,0.0261,0.0006,
"152",37756,-0.0001,0.1785,0.7918,0.0297,28906,0.8655,0.1345,0.0171,0.0677,0.0105,0.0331,0.0011,
"153",38604,0.0223,0.1424,0.8057,0.0519,30390,0.9289,0.0711,0.0114,0.0054,0.0042,0.0405,0.001,
"154",38889,0.0299,0.158,0.8079,0.0341,29603,0.9149,0.0851,0.0172,0.0078,0.0085,0.0422,0.0014,
"155",38882,0.0297,0.1508,0.8055,0.0437,31333,0.9199,0.0801,0.0195,0.0071,0.0065,0.0396,0.0012,
"156",38695,0.0248,0.1967,0.7624,0.0409,30702,0.8138,0.1862,0.0879,0.0245,0.0193,0.0431,0.0077,
"157",38001,0.0064,0.171,0.7871,0.0419,28412,0.8757,0.1243,0.0605,0.006,0.006,0.0444,0.0009,
"158",38876,0.0295,0.1661,0.7934,0.0406,29923,0.8444,0.1556,0.07,0.0057,0.0199,0.0543,0.0017,
"159",38763,0.0266,0.1523,0.8175,0.0302,28917,0.7943,0.2057,0.07,0.0176,0.0179,0.0758,0.0226,
"160",38846,0.0288,0.2112,0.7568,0.0321,29662,0.8275,0.1725,0.0585,0.0145,0.0166,0.0602,0.0157,
"161",36684,-0.0285,0.355,0.5955,0.0496,28430,0.7985,0.2015,0.0541,0.0479,0.0224,0.0704,0.0066,
"162",36630,-0.0299,0.2218,0.7402,0.0379,27058,0.8638,0.1362,0.0387,0.0171,0.0152,0.0582,0.0022,
"163",36788,-0.0257,0.219,0.746,0.035,27723,0.7696,0.2304,0.1355,0.023,0.0158,0.0507,0.0059,
"",37760,0.0598,0.385,0.5738,0.0412,29298,0.7797,0.2203,0.0413,0.1177,0.0271,0.0284,0.0024,
