precinct_key,district_num,area_weight,block_weight,precinct_block_weight,is_kansas_city,election_county,election_county_aliases
JACKSON - 000002,19,0.0121951220,1.0000000000,82.0000000000,0,JACKSON,JACKSON|KANSAS CITY
JACKSON - 000002,21,0.9878048780,81.0000000000,82.0000000000,0,JACKSON,JACKSON|KANSAS CITY
JACKSON - 000003,20,0.9577464789,68.0000000000,71.0000000000,0,JACKSON,JACKSON|KANSAS CITY
JACKSON - 000003,21,0.0422535211,3.0000000000,71.0000000000,0,JACKSON,JACKSON|KANSAS CITY
JACKSON - 000006,20,1.0000000000,13.0000000000,13.0000000000,0,JACKSON,JACKSON|KANSAS CITY
JACKSON - 000007,20,1.0000000000,17.0000000000,17.0000000000,0,JACKSON,JACKSON|KANSAS CITY
JACKSON - 000008,19,1.0000000000,20.0000000000,20.0000000000,0,JACKSON,JACKSON|KANSAS CITY
JACKSON - 000010,21,1.0000000000,34.0000000000,34.0000000000,0,JACKSON,JACKSON|KANSAS CITY
JACKSON - 000015,20,0.9666666667,29.0000000000,30.0000000000,0,JACKSON,JACKSON|KANSAS CITY
JACKSON - 000015,39,0.0333333333,1.0000000000,30.0000000000,0,JACKSON,JACKSON|KANSAS CITY
JACKSON - 000016,20,1.0000000000,47.0000000000,47.0000000000,0,JACKSON,JACKSON|KANSAS CITY
JACKSON - 000017,20,1.0000000000,22.0000000000,22.0000000000,0,JACKSON,JACKSON|KANSAS CITY
JACKSON - 000019,20,1.0000000000,32.0000000000,32.0000000000,0,JACKSON,JACKSON|KANSAS CITY
JACKSON - 000020,20,0.7600000000,19.0000000000,25.0000000000,0,JACKSON,JACKSON|KANSAS CITY
JACKSON - 000020,21,0.2400000000,6.0000000000,25.0000000000,0,JACKSON,JACKSON|KANSAS CITY
JACKSON - 000022,20,1.0000000000,53.0000000000,53.0000000000,0,JACKSON,JACKSON|KANSAS CITY
JACKSON - 000023,20,1.0000000000,21.0000000000,21.0000000000,0,JACKSON,JACKSON|KANSAS CITY
JACKSON - 000024,20,0.0937500000,3.0000000000,32.0000000000,0,JACKSON,JACKSON|KANSAS CITY
JACKSON - 000024,21,0.9062500000,29.0000000000,32.0000000000,0,JACKSON,JACKSON|KANSAS CITY
JACKSON - 000025,21,1.0000000000,21.0000000000,21.0000000000,0,JACKSON,JACKSON|KANSAS CITY
JACKSON - 000026,21,1.0000000000,62.0000000000,62.0000000000,0,JACKSON,JACKSON|KANSAS CITY
JACKSON - 000029,20,1.0000000000,20.0000000000,20.0000000000,0,JACKSON,JACKSON|KANSAS CITY
JACKSON - 000030,32,1.0000000000,24.0000000000,24.0000000000,0,JACKSON,JACKSON|KANSAS CITY
JACKSON - 000031,20,0.2826086957,13.0000000000,46.0000000000,0,JACKSON,JACKSON|KANSAS CITY
JACKSON - 000031,32,0.7173913043,33.0000000000,46.0000000000,0,JACKSON,JACKSON|KANSAS CITY
JACKSON - 000032,20,0.8918918919,33.0000000000,37.0000000000,0,JACKSON,JACKSON|KANSAS CITY
JACKSON - 000032,32,0.1081081081,4.0000000000,37.0000000000,0,JACKSON,JACKSON|KANSAS CITY
JACKSON - 000033,20,0.7272727273,8.0000000000,11.0000000000,0,JACKSON,JACKSON|KANSAS CITY
JACKSON - 000033,32,0.1818181818,2.0000000000,11.0000000000,0,JACKSON,JACKSON|KANSAS CITY
JACKSON - 000033,39,0.0909090909,1.0000000000,11.0000000000,0,JACKSON,JACKSON|KANSAS CITY
JACKSON - 000034,20,1.0000000000,36.0000000000,36.0000000000,0,JACKSON,JACKSON|KANSAS CITY
JACKSON - 000035,20,1.0000000000,23.0000000000,23.0000000000,0,JACKSON,JACKSON|KANSAS CITY
JACKSON - 000036,20,1.0000000000,28.0000000000,28.0000000000,0,JACKSON,JACKSON|KANSAS CITY
JACKSON - 000037,20,1.0000000000,23.0000000000,23.0000000000,0,JACKSON,JACKSON|KANSAS CITY
JACKSON - 000043,21,1.0000000000,25.0000000000,25.0000000000,0,JACKSON,JACKSON|KANSAS CITY
JACKSON - 000044,21,1.0000000000,41.0000000000,41.0000000000,0,JACKSON,JACKSON|KANSAS CITY
JACKSON - 000045,21,1.0000000000,63.0000000000,63.0000000000,0,JACKSON,JACKSON|KANSAS CITY
JACKSON - 000047,21,1.0000000000,16.0000000000,16.0000000000,0,JACKSON,JACKSON|KANSAS CITY
JACKSON - 000050,21,1.0000000000,43.0000000000,43.0000000000,0,JACKSON,JACKSON|KANSAS CITY
JACKSON - 000052,22,1.0000000000,20.0000000000,20.0000000000,0,JACKSON,JACKSON|KANSAS CITY
JACKSON - 000054,29,1.0000000000,24.0000000000,24.0000000000,0,JACKSON,JACKSON|KANSAS CITY
JACKSON - 000055,22,1.0000000000,35.0000000000,35.0000000000,0,JACKSON,JACKSON|KANSAS CITY
JACKSON - 000056,22,1.0000000000,28.0000000000,28.0000000000,0,JACKSON,JACKSON|KANSAS CITY
JACKSON - 000057,22,1.0000000000,36.0000000000,36.0000000000,0,JACKSON,JACKSON|KANSAS CITY
JACKSON - 000059,21,0.3958333333,19.0000000000,48.0000000000,0,JACKSON,JACKSON|KANSAS CITY
JACKSON - 000059,22,0.6041666667,29.0000000000,48.0000000000,0,JACKSON,JACKSON|KANSAS CITY
JACKSON - 000060,29,1.0000000000,20.0000000000,20.0000000000,0,JACKSON,JACKSON|KANSAS CITY
JACKSON - 000061,21,0.8888888889,16.0000000000,18.0000000000,0,JACKSON,JACKSON|KANSAS CITY
JACKSON - 000061,29,0.1111111111,2.0000000000,18.0000000000,0,JACKSON,JACKSON|KANSAS CITY
JACKSON - 000062,29,1.0000000000,31.0000000000,31.0000000000,0,JACKSON,JACKSON|KANSAS CITY
JACKSON - 000064,21,0.0975609756,4.0000000000,41.0000000000,0,JACKSON,JACKSON|KANSAS CITY
JACKSON - 000064,22,0.8292682927,34.0000000000,41.0000000000,0,JACKSON,JACKSON|KANSAS CITY
JACKSON - 000064,29,0.0731707317,3.0000000000,41.0000000000,0,JACKSON,JACKSON|KANSAS CITY
JACKSON - 000066,20,0.5357142857,15.0000000000,28.0000000000,0,JACKSON,JACKSON|KANSAS CITY
JACKSON - 000066,29,0.4642857143,13.0000000000,28.0000000000,0,JACKSON,JACKSON|KANSAS CITY
JACKSON - 000067,20,1.0000000000,26.0000000000,26.0000000000,0,JACKSON,JACKSON|KANSAS CITY
JACKSON - 000069,21,1.0000000000,31.0000000000,31.0000000000,0,JACKSON,JACKSON|KANSAS CITY
JACKSON - 000071,21,1.0000000000,12.0000000000,12.0000000000,0,JACKSON,JACKSON|KANSAS CITY
JACKSON - 000072,20,0.8400000000,21.0000000000,25.0000000000,0,JACKSON,JACKSON|KANSAS CITY
JACKSON - 000072,21,0.1600000000,4.0000000000,25.0000000000,0,JACKSON,JACKSON|KANSAS CITY
JACKSON - 000076,20,1.0000000000,22.0000000000,22.0000000000,0,JACKSON,JACKSON|KANSAS CITY
JACKSON - 000079,29,1.0000000000,33.0000000000,33.0000000000,0,JACKSON,JACKSON|KANSAS CITY
JACKSON - 000081,29,1.0000000000,64.0000000000,64.0000000000,0,JACKSON,JACKSON|KANSAS CITY
JACKSON - 000082,29,1.0000000000,37.0000000000,37.0000000000,0,JACKSON,JACKSON|KANSAS CITY
JACKSON - 000084,29,1.0000000000,26.0000000000,26.0000000000,0,JACKSON,JACKSON|KANSAS CITY
JACKSON - 000086,29,1.0000000000,10.0000000000,10.0000000000,0,JACKSON,JACKSON|KANSAS CITY
JACKSON - 000087,29,1.0000000000,23.0000000000,23.0000000000,0,JACKSON,JACKSON|KANSAS CITY
JACKSON - 000088,22,1.0000000000,13.0000000000,13.0000000000,0,JACKSON,JACKSON|KANSAS CITY
JACKSON - 000090,22,0.7317073171,30.0000000000,41.0000000000,0,JACKSON,JACKSON|KANSAS CITY
JACKSON - 000090,29,0.2682926829,11.0000000000,41.0000000000,0,JACKSON,JACKSON|KANSAS CITY
JACKSON - 000091,22,0.3214285714,9.0000000000,28.0000000000,0,JACKSON,JACKSON|KANSAS CITY
JACKSON - 000091,29,0.6785714286,19.0000000000,28.0000000000,0,JACKSON,JACKSON|KANSAS CITY
JACKSON - 000092,29,1.0000000000,39.0000000000,39.0000000000,0,JACKSON,JACKSON|KANSAS CITY
JACKSON - 000095,29,1.0000000000,28.0000000000,28.0000000000,0,JACKSON,JACKSON|KANSAS CITY
JACKSON - 000096,29,1.0000000000,37.0000000000,37.0000000000,0,JACKSON,JACKSON|KANSAS CITY
JACKSON - 000097,29,1.0000000000,30.0000000000,30.0000000000,0,JACKSON,JACKSON|KANSAS CITY
JACKSON - 000099,29,1.0000000000,7.0000000000,7.0000000000,0,JACKSON,JACKSON|KANSAS CITY
JACKSON - 000100,20,0.1388888889,5.0000000000,36.0000000000,0,JACKSON,JACKSON|KANSAS CITY
JACKSON - 000100,29,0.8611111111,31.0000000000,36.0000000000,0,JACKSON,JACKSON|KANSAS CITY
JACKSON - 000103,29,1.0000000000,38.0000000000,38.0000000000,0,JACKSON,JACKSON|KANSAS CITY
JACKSON - 000104,20,0.1481481481,8.0000000000,54.0000000000,0,JACKSON,JACKSON|KANSAS CITY
JACKSON - 000104,29,0.8518518519,46.0000000000,54.0000000000,0,JACKSON,JACKSON|KANSAS CITY
JACKSON - 000107,29,1.0000000000,22.0000000000,22.0000000000,0,JACKSON,JACKSON|KANSAS CITY
JACKSON - 000109,28,1.0000000000,17.0000000000,17.0000000000,0,JACKSON,JACKSON|KANSAS CITY
JACKSON - 000116,28,1.0000000000,30.0000000000,30.0000000000,0,JACKSON,JACKSON|KANSAS CITY
JACKSON - 000120,28,1.0000000000,57.0000000000,57.0000000000,0,JACKSON,JACKSON|KANSAS CITY
JACKSON - 000123,28,1.0000000000,20.0000000000,20.0000000000,0,JACKSON,JACKSON|KANSAS CITY
JACKSON - 000125,28,1.0000000000,34.0000000000,34.0000000000,0,JACKSON,JACKSON|KANSAS CITY
JACKSON - 000128,28,1.0000000000,28.0000000000,28.0000000000,0,JACKSON,JACKSON|KANSAS CITY
JACKSON - 000129,28,1.0000000000,7.0000000000,7.0000000000,0,JACKSON,JACKSON|KANSAS CITY
JACKSON - 000130,28,1.0000000000,49.0000000000,49.0000000000,0,JACKSON,JACKSON|KANSAS CITY
JACKSON - 000131,28,1.0000000000,2.0000000000,2.0000000000,0,JACKSON,JACKSON|KANSAS CITY
JACKSON - 000132,28,1.0000000000,29.0000000000,29.0000000000,0,JACKSON,JACKSON|KANSAS CITY
JACKSON - 000134,28,1.0000000000,31.0000000000,31.0000000000,0,JACKSON,JACKSON|KANSAS CITY
JACKSON - 000136,28,1.0000000000,25.0000000000,25.0000000000,0,JACKSON,JACKSON|KANSAS CITY
JACKSON - 000138,20,1.0000000000,66.0000000000,66.0000000000,0,JACKSON,JACKSON|KANSAS CITY
JACKSON - 000140,32,1.0000000000,53.0000000000,53.0000000000,0,JACKSON,JACKSON|KANSAS CITY
JACKSON - 000142,32,1.0000000000,55.0000000000,55.0000000000,0,JACKSON,JACKSON|KANSAS CITY
JACKSON - 000143,32,1.0000000000,23.0000000000,23.0000000000,0,JACKSON,JACKSON|KANSAS CITY
JACKSON - 000144,32,1.0000000000,15.0000000000,15.0000000000,0,JACKSON,JACKSON|KANSAS CITY
JACKSON - 000145,32,1.0000000000,34.0000000000,34.0000000000,0,JACKSON,JACKSON|KANSAS CITY
JACKSON - 000146,32,1.0000000000,16.0000000000,16.0000000000,0,JACKSON,JACKSON|KANSAS CITY
JACKSON - 000147,32,1.0000000000,17.0000000000,17.0000000000,0,JACKSON,JACKSON|KANSAS CITY
JACKSON - 000148,19,0.7822580645,97.0000000000,124.0000000000,1,KANSAS CITY,KANSAS CITY|JACKSON
JACKSON - 000148,24,0.2177419355,27.0000000000,124.0000000000,1,KANSAS CITY,KANSAS CITY|JACKSON
JACKSON - 000149,19,0.8688524590,53.0000000000,61.0000000000,1,KANSAS CITY,KANSAS CITY|JACKSON
JACKSON - 000149,24,0.1311475410,8.0000000000,61.0000000000,1,KANSAS CITY,KANSAS CITY|JACKSON
JACKSON - 000150,23,0.3833333333,23.0000000000,60.0000000000,1,KANSAS CITY,KANSAS CITY|JACKSON
JACKSON - 000150,24,0.6166666667,37.0000000000,60.0000000000,1,KANSAS CITY,KANSAS CITY|JACKSON
JACKSON - 000151,23,0.3720930233,32.0000000000,86.0000000000,1,KANSAS CITY,KANSAS CITY|JACKSON
JACKSON - 000151,24,0.6279069767,54.0000000000,86.0000000000,1,KANSAS CITY,KANSAS CITY|JACKSON
JACKSON - 000152,19,0.7714285714,54.0000000000,70.0000000000,1,KANSAS CITY,KANSAS CITY|JACKSON
JACKSON - 000152,24,0.2285714286,16.0000000000,70.0000000000,1,KANSAS CITY,KANSAS CITY|JACKSON
JACKSON - 000153,19,0.0318471338,5.0000000000,157.0000000000,1,KANSAS CITY,KANSAS CITY|JACKSON
JACKSON - 000153,23,0.0127388535,2.0000000000,157.0000000000,1,KANSAS CITY,KANSAS CITY|JACKSON
JACKSON - 000153,24,0.9554140127,150.0000000000,157.0000000000,1,KANSAS CITY,KANSAS CITY|JACKSON
JACKSON - 000154,19,0.0384615385,2.0000000000,52.0000000000,1,KANSAS CITY,KANSAS CITY|JACKSON
JACKSON - 000154,24,0.9615384615,50.0000000000,52.0000000000,1,KANSAS CITY,KANSAS CITY|JACKSON
JACKSON - 000155,19,1.0000000000,45.0000000000,45.0000000000,1,KANSAS CITY,KANSAS CITY|JACKSON
JACKSON - 000156,24,1.0000000000,16.0000000000,16.0000000000,1,KANSAS CITY,KANSAS CITY|JACKSON
JACKSON - 000157,23,1.0000000000,23.0000000000,23.0000000000,1,KANSAS CITY,KANSAS CITY|JACKSON
JACKSON - 000159,24,1.0000000000,16.0000000000,16.0000000000,1,KANSAS CITY,KANSAS CITY|JACKSON
JACKSON - 000160,25,1.0000000000,27.0000000000,27.0000000000,1,KANSAS CITY,KANSAS CITY|JACKSON
JACKSON - 000161,25,0.9565217391,22.0000000000,23.0000000000,1,KANSAS CITY,KANSAS CITY|JACKSON
JACKSON - 000161,26,0.0434782609,1.0000000000,23.0000000000,1,KANSAS CITY,KANSAS CITY|JACKSON
JACKSON - 000162,26,1.0000000000,29.0000000000,29.0000000000,1,KANSAS CITY,KANSAS CITY|JACKSON
JACKSON - 000163,26,1.0000000000,7.0000000000,7.0000000000,1,KANSAS CITY,KANSAS CITY|JACKSON
JACKSON - 000164,25,1.0000000000,14.0000000000,14.0000000000,1,KANSAS CITY,KANSAS CITY|JACKSON
JACKSON - 000165,25,1.0000000000,16.0000000000,16.0000000000,1,KANSAS CITY,KANSAS CITY|JACKSON
JACKSON - 000166,37,1.0000000000,8.0000000000,8.0000000000,1,KANSAS CITY,KANSAS CITY|JACKSON
JACKSON - 000167,26,0.2727272727,3.0000000000,11.0000000000,1,KANSAS CITY,KANSAS CITY|JACKSON
JACKSON - 000167,37,0.7272727273,8.0000000000,11.0000000000,1,KANSAS CITY,KANSAS CITY|JACKSON
JACKSON - 000168,26,1.0000000000,8.0000000000,8.0000000000,1,KANSAS CITY,KANSAS CITY|JACKSON
JACKSON - 000169,26,0.0526315789,1.0000000000,19.0000000000,1,KANSAS CITY,KANSAS CITY|JACKSON
JACKSON - 000169,37,0.9473684211,18.0000000000,19.0000000000,1,KANSAS CITY,KANSAS CITY|JACKSON
JACKSON - 000172,37,1.0000000000,1.0000000000,1.0000000000,1,KANSAS CITY,KANSAS CITY|JACKSON
JACKSON - 000173,37,1.0000000000,1.0000000000,1.0000000000,1,KANSAS CITY,KANSAS CITY|JACKSON
JACKSON - 000174,37,1.0000000000,7.0000000000,7.0000000000,1,KANSAS CITY,KANSAS CITY|JACKSON
JACKSON - 000175,19,0.9272727273,51.0000000000,55.0000000000,1,KANSAS CITY,KANSAS CITY|JACKSON
JACKSON - 000175,23,0.0727272727,4.0000000000,55.0000000000,1,KANSAS CITY,KANSAS CITY|JACKSON
JACKSON - 000176,19,1.0000000000,44.0000000000,44.0000000000,1,KANSAS CITY,KANSAS CITY|JACKSON
JACKSON - 000177,19,0.2222222222,10.0000000000,45.0000000000,1,KANSAS CITY,KANSAS CITY|JACKSON
JACKSON - 000177,23,0.7777777778,35.0000000000,45.0000000000,1,KANSAS CITY,KANSAS CITY|JACKSON
JACKSON - 000178,19,0.5454545455,6.0000000000,11.0000000000,1,KANSAS CITY,KANSAS CITY|JACKSON
JACKSON - 000178,23,0.4545454545,5.0000000000,11.0000000000,1,KANSAS CITY,KANSAS CITY|JACKSON
JACKSON - 000179,19,1.0000000000,39.0000000000,39.0000000000,1,KANSAS CITY,KANSAS CITY|JACKSON
JACKSON - 000180,19,1.0000000000,18.0000000000,18.0000000000,1,KANSAS CITY,KANSAS CITY|JACKSON
JACKSON - 000181,19,1.0000000000,2.0000000000,2.0000000000,1,KANSAS CITY,KANSAS CITY|JACKSON
JACKSON - 000182,23,1.0000000000,12.0000000000,12.0000000000,1,KANSAS CITY,KANSAS CITY|JACKSON
JACKSON - 000183,19,1.0000000000,7.0000000000,7.0000000000,1,KANSAS CITY,KANSAS CITY|JACKSON
JACKSON - 000184,19,1.0000000000,5.0000000000,5.0000000000,1,KANSAS CITY,KANSAS CITY|JACKSON
JACKSON - 000185,19,0.7000000000,7.0000000000,10.0000000000,1,KANSAS CITY,KANSAS CITY|JACKSON
JACKSON - 000185,23,0.3000000000,3.0000000000,10.0000000000,1,KANSAS CITY,KANSAS CITY|JACKSON
JACKSON - 000186,19,1.0000000000,24.0000000000,24.0000000000,1,KANSAS CITY,KANSAS CITY|JACKSON
JACKSON - 000187,19,1.0000000000,16.0000000000,16.0000000000,1,KANSAS CITY,KANSAS CITY|JACKSON
JACKSON - 000188,19,1.0000000000,24.0000000000,24.0000000000,1,KANSAS CITY,KANSAS CITY|JACKSON
JACKSON - 000189,19,1.0000000000,16.0000000000,16.0000000000,1,KANSAS CITY,KANSAS CITY|JACKSON
JACKSON - 000190,19,1.0000000000,16.0000000000,16.0000000000,1,KANSAS CITY,KANSAS CITY|JACKSON
JACKSON - 000191,19,1.0000000000,34.0000000000,34.0000000000,1,KANSAS CITY,KANSAS CITY|JACKSON
JACKSON - 000192,19,1.0000000000,16.0000000000,16.0000000000,1,KANSAS CITY,KANSAS CITY|JACKSON
JACKSON - 000193,19,1.0000000000,18.0000000000,18.0000000000,1,KANSAS CITY,KANSAS CITY|JACKSON
JACKSON - 000194,19,1.0000000000,9.0000000000,9.0000000000,1,KANSAS CITY,KANSAS CITY|JACKSON
JACKSON - 000195,19,1.0000000000,23.0000000000,23.0000000000,1,KANSAS CITY,KANSAS CITY|JACKSON
JACKSON - 000196,19,1.0000000000,91.0000000000,91.0000000000,1,KANSAS CITY,KANSAS CITY|JACKSON
JACKSON - 000197,19,1.0000000000,41.0000000000,41.0000000000,1,KANSAS CITY,KANSAS CITY|JACKSON
JACKSON - 000198,19,1.0000000000,37.0000000000,37.0000000000,1,KANSAS CITY,KANSAS CITY|JACKSON
JACKSON - 000200,19,1.0000000000,7.0000000000,7.0000000000,1,KANSAS CITY,KANSAS CITY|JACKSON
JACKSON - 000201,19,0.9444444444,17.0000000000,18.0000000000,1,KANSAS CITY,KANSAS CITY|JACKSON
JACKSON - 000201,23,0.0555555556,1.0000000000,18.0000000000,1,KANSAS CITY,KANSAS CITY|JACKSON
JACKSON - 000202,19,1.0000000000,35.0000000000,35.0000000000,1,KANSAS CITY,KANSAS CITY|JACKSON
JACKSON - 000203,19,0.8076923077,21.0000000000,26.0000000000,1,KANSAS CITY,KANSAS CITY|JACKSON
JACKSON - 000203,23,0.1923076923,5.0000000000,26.0000000000,1,KANSAS CITY,KANSAS CITY|JACKSON
JACKSON - 000204,19,0.2181818182,12.0000000000,55.0000000000,1,KANSAS CITY,KANSAS CITY|JACKSON
JACKSON - 000204,23,0.7818181818,43.0000000000,55.0000000000,1,KANSAS CITY,KANSAS CITY|JACKSON
JACKSON - 000205,23,1.0000000000,54.0000000000,54.0000000000,1,KANSAS CITY,KANSAS CITY|JACKSON
JACKSON - 000206,23,1.0000000000,35.0000000000,35.0000000000,1,KANSAS CITY,KANSAS CITY|JACKSON
JACKSON - 000207,23,1.0000000000,39.0000000000,39.0000000000,1,KANSAS CITY,KANSAS CITY|JACKSON
JACKSON - 000208,23,1.0000000000,14.0000000000,14.0000000000,1,KANSAS CITY,KANSAS CITY|JACKSON
JACKSON - 000209,23,1.0000000000,41.0000000000,41.0000000000,1,KANSAS CITY,KANSAS CITY|JACKSON
JACKSON - 000210,23,1.0000000000,21.0000000000,21.0000000000,1,KANSAS CITY,KANSAS CITY|JACKSON
JACKSON - 000211,23,1.0000000000,28.0000000000,28.0000000000,1,KANSAS CITY,KANSAS CITY|JACKSON
JACKSON - 000212,23,1.0000000000,34.0000000000,34.0000000000,1,KANSAS CITY,KANSAS CITY|JACKSON
JACKSON - 000213,23,1.0000000000,30.0000000000,30.0000000000,1,KANSAS CITY,KANSAS CITY|JACKSON
JACKSON - 000214,23,1.0000000000,18.0000000000,18.0000000000,1,KANSAS CITY,KANSAS CITY|JACKSON
JACKSON - 000215,23,1.0000000000,14.0000000000,14.0000000000,1,KANSAS CITY,KANSAS CITY|JACKSON
JACKSON - 000216,23,1.0000000000,18.0000000000,18.0000000000,1,KANSAS CITY,KANSAS CITY|JACKSON
JACKSON - 000217,23,1.0000000000,26.0000000000,26.0000000000,1,KANSAS CITY,KANSAS CITY|JACKSON
JACKSON - 000218,23,1.0000000000,13.0000000000,13.0000000000,1,KANSAS CITY,KANSAS CITY|JACKSON
JACKSON - 000219,23,1.0000000000,11.0000000000,11.0000000000,1,KANSAS CITY,KANSAS CITY|JACKSON
JACKSON - 000220,22,0.5882352941,10.0000000000,17.0000000000,1,KANSAS CITY,KANSAS CITY|JACKSON
JACKSON - 000220,23,0.4117647059,7.0000000000,17.0000000000,1,KANSAS CITY,KANSAS CITY|JACKSON
JACKSON - 000221,22,1.0000000000,14.0000000000,14.0000000000,1,KANSAS CITY,KANSAS CITY|JACKSON
JACKSON - 000222,22,0.3333333333,6.0000000000,18.0000000000,1,KANSAS CITY,KANSAS CITY|JACKSON
JACKSON - 000222,23,0.6666666667,12.0000000000,18.0000000000,1,KANSAS CITY,KANSAS CITY|JACKSON
JACKSON - 000223,22,0.1428571429,2.0000000000,14.0000000000,1,KANSAS CITY,KANSAS CITY|JACKSON
JACKSON - 000223,23,0.8571428571,12.0000000000,14.0000000000,1,KANSAS CITY,KANSAS CITY|JACKSON
JACKSON - 000224,22,1.0000000000,7.0000000000,7.0000000000,1,KANSAS CITY,KANSAS CITY|JACKSON
JACKSON - 000225,19,0.6428571429,18.0000000000,28.0000000000,1,KANSAS CITY,KANSAS CITY|JACKSON
JACKSON - 000225,22,0.3214285714,9.0000000000,28.0000000000,1,KANSAS CITY,KANSAS CITY|JACKSON
JACKSON - 000225,23,0.0357142857,1.0000000000,28.0000000000,1,KANSAS CITY,KANSAS CITY|JACKSON
JACKSON - 000226,22,1.0000000000,15.0000000000,15.0000000000,1,KANSAS CITY,KANSAS CITY|JACKSON
JACKSON - 000227,22,1.0000000000,16.0000000000,16.0000000000,1,KANSAS CITY,KANSAS CITY|JACKSON
JACKSON - 000228,22,1.0000000000,27.0000000000,27.0000000000,1,KANSAS CITY,KANSAS CITY|JACKSON
JACKSON - 000229,22,1.0000000000,15.0000000000,15.0000000000,1,KANSAS CITY,KANSAS CITY|JACKSON
JACKSON - 000230,22,0.8421052632,16.0000000000,19.0000000000,1,KANSAS CITY,KANSAS CITY|JACKSON
JACKSON - 000230,23,0.1578947368,3.0000000000,19.0000000000,1,KANSAS CITY,KANSAS CITY|JACKSON
JACKSON - 000231,22,1.0000000000,26.0000000000,26.0000000000,1,KANSAS CITY,KANSAS CITY|JACKSON
JACKSON - 000232,22,1.0000000000,22.0000000000,22.0000000000,1,KANSAS CITY,KANSAS CITY|JACKSON
JACKSON - 000233,22,1.0000000000,39.0000000000,39.0000000000,1,KANSAS CITY,KANSAS CITY|JACKSON
JACKSON - 000234,22,0.0357142857,1.0000000000,28.0000000000,1,KANSAS CITY,KANSAS CITY|JACKSON
JACKSON - 000234,27,0.9642857143,27.0000000000,28.0000000000,1,KANSAS CITY,KANSAS CITY|JACKSON
JACKSON - 000235,27,1.0000000000,5.0000000000,5.0000000000,1,KANSAS CITY,KANSAS CITY|JACKSON
JACKSON - 000236,27,1.0000000000,10.0000000000,10.0000000000,1,KANSAS CITY,KANSAS CITY|JACKSON
JACKSON - 000238,27,1.0000000000,5.0000000000,5.0000000000,1,KANSAS CITY,KANSAS CITY|JACKSON
JACKSON - 000239,27,1.0000000000,7.0000000000,7.0000000000,1,KANSAS CITY,KANSAS CITY|JACKSON
JACKSON - 000241,27,1.0000000000,33.0000000000,33.0000000000,1,KANSAS CITY,KANSAS CITY|JACKSON
JACKSON - 000242,27,1.0000000000,26.0000000000,26.0000000000,1,KANSAS CITY,KANSAS CITY|JACKSON
JACKSON - 000243,22,0.8800000000,22.0000000000,25.0000000000,1,KANSAS CITY,KANSAS CITY|JACKSON
JACKSON - 000243,27,0.1200000000,3.0000000000,25.0000000000,1,KANSAS CITY,KANSAS CITY|JACKSON
JACKSON - 000244,27,1.0000000000,19.0000000000,19.0000000000,1,KANSAS CITY,KANSAS CITY|JACKSON
JACKSON - 000245,22,0.4285714286,6.0000000000,14.0000000000,1,KANSAS CITY,KANSAS CITY|JACKSON
JACKSON - 000245,27,0.5714285714,8.0000000000,14.0000000000,1,KANSAS CITY,KANSAS CITY|JACKSON
JACKSON - 000246,27,1.0000000000,33.0000000000,33.0000000000,1,KANSAS CITY,KANSAS CITY|JACKSON
JACKSON - 000247,27,1.0000000000,21.0000000000,21.0000000000,1,KANSAS CITY,KANSAS CITY|JACKSON
JACKSON - 000248,27,1.0000000000,6.0000000000,6.0000000000,1,KANSAS CITY,KANSAS CITY|JACKSON
JACKSON - 000249,27,1.0000000000,10.0000000000,10.0000000000,1,KANSAS CITY,KANSAS CITY|JACKSON
JACKSON - 000250,27,1.0000000000,5.0000000000,5.0000000000,1,KANSAS CITY,KANSAS CITY|JACKSON
JACKSON - 000251,27,1.0000000000,28.0000000000,28.0000000000,1,KANSAS CITY,KANSAS CITY|JACKSON
JACKSON - 000253,27,1.0000000000,26.0000000000,26.0000000000,0,JACKSON,JACKSON|KANSAS CITY
JACKSON - 000254,27,1.0000000000,25.0000000000,25.0000000000,1,KANSAS CITY,KANSAS CITY|JACKSON
JACKSON - 000255,27,1.0000000000,28.0000000000,28.0000000000,1,KANSAS CITY,KANSAS CITY|JACKSON
JACKSON - 000256,27,1.0000000000,27.0000000000,27.0000000000,1,KANSAS CITY,KANSAS CITY|JACKSON
JACKSON - 000257,27,1.0000000000,11.0000000000,11.0000000000,1,KANSAS CITY,KANSAS CITY|JACKSON
JACKSON - 000258,27,1.0000000000,26.0000000000,26.0000000000,1,KANSAS CITY,KANSAS CITY|JACKSON
JACKSON - 000259,27,1.0000000000,75.0000000000,75.0000000000,1,KANSAS CITY,KANSAS CITY|JACKSON
JACKSON - 000260,27,1.0000000000,16.0000000000,16.0000000000,1,KANSAS CITY,KANSAS CITY|JACKSON
JACKSON - 000261,27,1.0000000000,36.0000000000,36.0000000000,1,KANSAS CITY,KANSAS CITY|JACKSON
JACKSON - 000263,27,1.0000000000,8.0000000000,8.0000000000,1,KANSAS CITY,KANSAS CITY|JACKSON
JACKSON - 000264,27,1.0000000000,1.0000000000,1.0000000000,1,KANSAS CITY,KANSAS CITY|JACKSON
JACKSON - 000265,26,1.0000000000,27.0000000000,27.0000000000,1,KANSAS CITY,KANSAS CITY|JACKSON
JACKSON - 000266,27,1.0000000000,30.0000000000,30.0000000000,1,KANSAS CITY,KANSAS CITY|JACKSON
JACKSON - 000267,27,1.0000000000,34.0000000000,34.0000000000,1,KANSAS CITY,KANSAS CITY|JACKSON
JACKSON - 000268,27,1.0000000000,29.0000000000,29.0000000000,1,KANSAS CITY,KANSAS CITY|JACKSON
JACKSON - 000269,26,1.0000000000,13.0000000000,13.0000000000,1,KANSAS CITY,KANSAS CITY|JACKSON
JACKSON - 000270,26,0.9729729730,36.0000000000,37.0000000000,1,KANSAS CITY,KANSAS CITY|JACKSON
JACKSON - 000270,27,0.0270270270,1.0000000000,37.0000000000,1,KANSAS CITY,KANSAS CITY|JACKSON
JACKSON - 000271,26,1.0000000000,25.0000000000,25.0000000000,1,KANSAS CITY,KANSAS CITY|JACKSON
JACKSON - 000272,26,1.0000000000,37.0000000000,37.0000000000,1,KANSAS CITY,KANSAS CITY|JACKSON
JACKSON - 000273,26,1.0000000000,22.0000000000,22.0000000000,1,KANSAS CITY,KANSAS CITY|JACKSON
JACKSON - 000275,26,1.0000000000,17.0000000000,17.0000000000,1,KANSAS CITY,KANSAS CITY|JACKSON
JACKSON - 000276,26,1.0000000000,12.0000000000,12.0000000000,1,KANSAS CITY,KANSAS CITY|JACKSON
JACKSON - 000277,27,1.0000000000,15.0000000000,15.0000000000,1,KANSAS CITY,KANSAS CITY|JACKSON
JACKSON - 000278,27,1.0000000000,14.0000000000,14.0000000000,1,KANSAS CITY,KANSAS CITY|JACKSON
JACKSON - 000279,26,1.0000000000,10.0000000000,10.0000000000,1,KANSAS CITY,KANSAS CITY|JACKSON
JACKSON - 000280,26,1.0000000000,3.0000000000,3.0000000000,1,KANSAS CITY,KANSAS CITY|JACKSON
JACKSON - 000281,26,1.0000000000,10.0000000000,10.0000000000,1,KANSAS CITY,KANSAS CITY|JACKSON
JACKSON - 000282,26,1.0000000000,35.0000000000,35.0000000000,1,KANSAS CITY,KANSAS CITY|JACKSON
JACKSON - 000283,26,1.0000000000,12.0000000000,12.0000000000,1,KANSAS CITY,KANSAS CITY|JACKSON
JACKSON - 000284,26,1.0000000000,11.0000000000,11.0000000000,1,KANSAS CITY,KANSAS CITY|JACKSON
JACKSON - 000285,26,1.0000000000,31.0000000000,31.0000000000,1,KANSAS CITY,KANSAS CITY|JACKSON
JACKSON - 000286,26,1.0000000000,26.0000000000,26.0000000000,1,KANSAS CITY,KANSAS CITY|JACKSON
JACKSON - 000287,26,1.0000000000,21.0000000000,21.0000000000,1,KANSAS CITY,KANSAS CITY|JACKSON
JACKSON - 000288,26,1.0000000000,15.0000000000,15.0000000000,1,KANSAS CITY,KANSAS CITY|JACKSON
JACKSON - 000289,26,1.0000000000,5.0000000000,5.0000000000,1,KANSAS CITY,KANSAS CITY|JACKSON
JACKSON - 000290,26,0.8571428571,6.0000000000,7.0000000000,1,KANSAS CITY,KANSAS CITY|JACKSON
JACKSON - 000290,37,0.1428571429,1.0000000000,7.0000000000,1,KANSAS CITY,KANSAS CITY|JACKSON
JACKSON - 000291,37,1.0000000000,21.0000000000,21.0000000000,1,KANSAS CITY,KANSAS CITY|JACKSON
JACKSON - 000292,26,0.7500000000,3.0000000000,4.0000000000,1,KANSAS CITY,KANSAS CITY|JACKSON
JACKSON - 000292,27,0.2500000000,1.0000000000,4.0000000000,1,KANSAS CITY,KANSAS CITY|JACKSON
JACKSON - 000293,26,1.0000000000,8.0000000000,8.0000000000,1,KANSAS CITY,KANSAS CITY|JACKSON
JACKSON - 000295,26,1.0000000000,9.0000000000,9.0000000000,1,KANSAS CITY,KANSAS CITY|JACKSON
JACKSON - 000296,25,0.8333333333,25.0000000000,30.0000000000,1,KANSAS CITY,KANSAS CITY|JACKSON
JACKSON - 000296,26,0.1666666667,5.0000000000,30.0000000000,1,KANSAS CITY,KANSAS CITY|JACKSON
JACKSON - 000298,23,1.0000000000,28.0000000000,28.0000000000,1,KANSAS CITY,KANSAS CITY|JACKSON
JACKSON - 000299,23,1.0000000000,24.0000000000,24.0000000000,1,KANSAS CITY,KANSAS CITY|JACKSON
JACKSON - 000300,23,1.0000000000,52.0000000000,52.0000000000,1,KANSAS CITY,KANSAS CITY|JACKSON
JACKSON - 000301,23,1.0000000000,63.0000000000,63.0000000000,1,KANSAS CITY,KANSAS CITY|JACKSON
JACKSON - 000302,22,0.0500000000,2.0000000000,40.0000000000,1,KANSAS CITY,KANSAS CITY|JACKSON
JACKSON - 000302,23,0.8000000000,32.0000000000,40.0000000000,1,KANSAS CITY,KANSAS CITY|JACKSON
JACKSON - 000302,24,0.1500000000,6.0000000000,40.0000000000,1,KANSAS CITY,KANSAS CITY|JACKSON
JACKSON - 000303,23,1.0000000000,10.0000000000,10.0000000000,1,KANSAS CITY,KANSAS CITY|JACKSON
JACKSON - 000304,23,1.0000000000,23.0000000000,23.0000000000,1,KANSAS CITY,KANSAS CITY|JACKSON
JACKSON - 000305,23,1.0000000000,31.0000000000,31.0000000000,1,KANSAS CITY,KANSAS CITY|JACKSON
JACKSON - 000306,23,1.0000000000,28.0000000000,28.0000000000,1,KANSAS CITY,KANSAS CITY|JACKSON
JACKSON - 000307,23,1.0000000000,22.0000000000,22.0000000000,1,KANSAS CITY,KANSAS CITY|JACKSON
JACKSON - 000308,23,1.0000000000,75.0000000000,75.0000000000,1,KANSAS CITY,KANSAS CITY|JACKSON
JACKSON - 000310,19,0.4242424242,14.0000000000,33.0000000000,1,KANSAS CITY,KANSAS CITY|JACKSON
JACKSON - 000310,23,0.5757575758,19.0000000000,33.0000000000,1,KANSAS CITY,KANSAS CITY|JACKSON
JACKSON - 000311,23,0.9705882353,33.0000000000,34.0000000000,1,KANSAS CITY,KANSAS CITY|JACKSON
JACKSON - 000311,24,0.0294117647,1.0000000000,34.0000000000,1,KANSAS CITY,KANSAS CITY|JACKSON
JACKSON - 000312,23,1.0000000000,23.0000000000,23.0000000000,1,KANSAS CITY,KANSAS CITY|JACKSON
JACKSON - 000313,19,1.0000000000,2.0000000000,2.0000000000,1,KANSAS CITY,KANSAS CITY|JACKSON
JACKSON - 000314,37,1.0000000000,27.0000000000,27.0000000000,1,KANSAS CITY,KANSAS CITY|JACKSON
JACKSON - 000315,37,1.0000000000,29.0000000000,29.0000000000,1,KANSAS CITY,KANSAS CITY|JACKSON
JACKSON - 000316,37,1.0000000000,29.0000000000,29.0000000000,1,KANSAS CITY,KANSAS CITY|JACKSON
JACKSON - 000317,37,1.0000000000,18.0000000000,18.0000000000,1,KANSAS CITY,KANSAS CITY|JACKSON
JACKSON - 000318,37,1.0000000000,16.0000000000,16.0000000000,1,KANSAS CITY,KANSAS CITY|JACKSON
JACKSON - 000319,37,1.0000000000,19.0000000000,19.0000000000,1,KANSAS CITY,KANSAS CITY|JACKSON
JACKSON - 000320,36,1.0000000000,9.0000000000,9.0000000000,1,KANSAS CITY,KANSAS CITY|JACKSON
JACKSON - 000321,36,0.0555555556,1.0000000000,18.0000000000,1,KANSAS CITY,KANSAS CITY|JACKSON
JACKSON - 000321,37,0.9444444444,17.0000000000,18.0000000000,1,KANSAS CITY,KANSAS CITY|JACKSON
JACKSON - 000322,37,1.0000000000,46.0000000000,46.0000000000,1,KANSAS CITY,KANSAS CITY|JACKSON
JACKSON - 000324,37,1.0000000000,38.0000000000,38.0000000000,1,KANSAS CITY,KANSAS CITY|JACKSON
JACKSON - 000326,36,0.0333333333,1.0000000000,30.0000000000,1,KANSAS CITY,KANSAS CITY|JACKSON
JACKSON - 000326,37,0.9666666667,29.0000000000,30.0000000000,1,KANSAS CITY,KANSAS CITY|JACKSON
JACKSON - 000327,37,1.0000000000,15.0000000000,15.0000000000,1,KANSAS CITY,KANSAS CITY|JACKSON
JACKSON - 000328,36,1.0000000000,14.0000000000,14.0000000000,1,KANSAS CITY,KANSAS CITY|JACKSON
JACKSON - 000329,36,1.0000000000,20.0000000000,20.0000000000,1,KANSAS CITY,KANSAS CITY|JACKSON
JACKSON - 000330,36,1.0000000000,5.0000000000,5.0000000000,1,KANSAS CITY,KANSAS CITY|JACKSON
JACKSON - 000331,36,1.0000000000,13.0000000000,13.0000000000,1,KANSAS CITY,KANSAS CITY|JACKSON
JACKSON - 000332,36,0.9090909091,20.0000000000,22.0000000000,1,KANSAS CITY,KANSAS CITY|JACKSON
JACKSON - 000332,37,0.0909090909,2.0000000000,22.0000000000,1,KANSAS CITY,KANSAS CITY|JACKSON
JACKSON - 000333,36,1.0000000000,24.0000000000,24.0000000000,1,KANSAS CITY,KANSAS CITY|JACKSON
JACKSON - 000334,36,1.0000000000,13.0000000000,13.0000000000,1,KANSAS CITY,KANSAS CITY|JACKSON
JACKSON - 000335,36,1.0000000000,66.0000000000,66.0000000000,1,KANSAS CITY,KANSAS CITY|JACKSON
JACKSON - 000337,22,1.0000000000,6.0000000000,6.0000000000,1,KANSAS CITY,KANSAS CITY|JACKSON
JACKSON - 000338,19,0.9750000000,39.0000000000,40.0000000000,1,KANSAS CITY,KANSAS CITY|JACKSON
JACKSON - 000338,22,0.0250000000,1.0000000000,40.0000000000,1,KANSAS CITY,KANSAS CITY|JACKSON
JACKSON - 000339,19,0.0645161290,2.0000000000,31.0000000000,1,KANSAS CITY,KANSAS CITY|JACKSON
JACKSON - 000339,22,0.9354838710,29.0000000000,31.0000000000,1,KANSAS CITY,KANSAS CITY|JACKSON
JACKSON - 000340,28,1.0000000000,2.0000000000,2.0000000000,1,KANSAS CITY,KANSAS CITY|JACKSON
JACKSON - 000341,28,1.0000000000,27.0000000000,27.0000000000,1,KANSAS CITY,KANSAS CITY|JACKSON
JACKSON - 000342,28,0.9565217391,22.0000000000,23.0000000000,1,KANSAS CITY,KANSAS CITY|JACKSON
JACKSON - 000342,29,0.0434782609,1.0000000000,23.0000000000,1,KANSAS CITY,KANSAS CITY|JACKSON
JACKSON - 000343,28,1.0000000000,21.0000000000,21.0000000000,1,KANSAS CITY,KANSAS CITY|JACKSON
JACKSON - 000344,22,0.2500000000,1.0000000000,4.0000000000,1,KANSAS CITY,KANSAS CITY|JACKSON
JACKSON - 000344,28,0.7500000000,3.0000000000,4.0000000000,1,KANSAS CITY,KANSAS CITY|JACKSON
JACKSON - 000345,28,1.0000000000,12.0000000000,12.0000000000,1,KANSAS CITY,KANSAS CITY|JACKSON
JACKSON - 000346,22,0.8888888889,8.0000000000,9.0000000000,1,KANSAS CITY,KANSAS CITY|JACKSON
JACKSON - 000346,28,0.1111111111,1.0000000000,9.0000000000,1,KANSAS CITY,KANSAS CITY|JACKSON
JACKSON - 000347,27,0.2222222222,2.0000000000,9.0000000000,1,KANSAS CITY,KANSAS CITY|JACKSON
JACKSON - 000347,28,0.7777777778,7.0000000000,9.0000000000,1,KANSAS CITY,KANSAS CITY|JACKSON
JACKSON - 000348,22,0.3636363636,8.0000000000,22.0000000000,1,KANSAS CITY,KANSAS CITY|JACKSON
JACKSON - 000348,27,0.6363636364,14.0000000000,22.0000000000,1,KANSAS CITY,KANSAS CITY|JACKSON
JACKSON - 000349,27,0.8500000000,17.0000000000,20.0000000000,1,KANSAS CITY,KANSAS CITY|JACKSON
JACKSON - 000349,28,0.1500000000,3.0000000000,20.0000000000,1,KANSAS CITY,KANSAS CITY|JACKSON
JACKSON - 000350,27,1.0000000000,16.0000000000,16.0000000000,1,KANSAS CITY,KANSAS CITY|JACKSON
JACKSON - 000353,22,1.0000000000,26.0000000000,26.0000000000,1,KANSAS CITY,KANSAS CITY|JACKSON
JACKSON - 000354,28,1.0000000000,10.0000000000,10.0000000000,1,KANSAS CITY,KANSAS CITY|JACKSON
JACKSON - 000355,35,1.0000000000,8.0000000000,8.0000000000,1,KANSAS CITY,KANSAS CITY|JACKSON
JACKSON - 000356,35,1.0000000000,14.0000000000,14.0000000000,1,KANSAS CITY,KANSAS CITY|JACKSON
JACKSON - 000357,35,1.0000000000,28.0000000000,28.0000000000,1,KANSAS CITY,KANSAS CITY|JACKSON
JACKSON - 000358,35,1.0000000000,40.0000000000,40.0000000000,1,KANSAS CITY,KANSAS CITY|JACKSON
JACKSON - 000359,35,1.0000000000,27.0000000000,27.0000000000,1,KANSAS CITY,KANSAS CITY|JACKSON
JACKSON - 000360,35,1.0000000000,7.0000000000,7.0000000000,1,KANSAS CITY,KANSAS CITY|JACKSON
JACKSON - 000361,35,1.0000000000,5.0000000000,5.0000000000,1,KANSAS CITY,KANSAS CITY|JACKSON
JACKSON - 000362,35,1.0000000000,21.0000000000,21.0000000000,1,KANSAS CITY,KANSAS CITY|JACKSON
JACKSON - 000363,35,1.0000000000,2.0000000000,2.0000000000,1,KANSAS CITY,KANSAS CITY|JACKSON
JACKSON - 000364,35,1.0000000000,25.0000000000,25.0000000000,1,KANSAS CITY,KANSAS CITY|JACKSON
JACKSON - 000365,35,1.0000000000,7.0000000000,7.0000000000,1,KANSAS CITY,KANSAS CITY|JACKSON
JACKSON - 000366,35,1.0000000000,4.0000000000,4.0000000000,1,KANSAS CITY,KANSAS CITY|JACKSON
JACKSON - 000368,35,1.0000000000,3.0000000000,3.0000000000,1,KANSAS CITY,KANSAS CITY|JACKSON
JACKSON - 000369,35,1.0000000000,5.0000000000,5.0000000000,1,KANSAS CITY,KANSAS CITY|JACKSON
JACKSON - 000370,35,1.0000000000,3.0000000000,3.0000000000,1,KANSAS CITY,KANSAS CITY|JACKSON
JACKSON - 000371,35,1.0000000000,16.0000000000,16.0000000000,1,KANSAS CITY,KANSAS CITY|JACKSON
JACKSON - 000372,35,1.0000000000,4.0000000000,4.0000000000,1,KANSAS CITY,KANSAS CITY|JACKSON
JACKSON - 000373,35,1.0000000000,11.0000000000,11.0000000000,1,KANSAS CITY,KANSAS CITY|JACKSON
JACKSON - 000374,26,0.5333333333,8.0000000000,15.0000000000,1,KANSAS CITY,KANSAS CITY|JACKSON
JACKSON - 000374,35,0.4666666667,7.0000000000,15.0000000000,1,KANSAS CITY,KANSAS CITY|JACKSON
JACKSON - 000375,26,1.0000000000,7.0000000000,7.0000000000,1,KANSAS CITY,KANSAS CITY|JACKSON
JACKSON - 000378,35,1.0000000000,1.0000000000,1.0000000000,1,KANSAS CITY,KANSAS CITY|JACKSON
JACKSON - 000379,35,1.0000000000,1.0000000000,1.0000000000,1,KANSAS CITY,KANSAS CITY|JACKSON
JACKSON - 000382,35,1.0000000000,1.0000000000,1.0000000000,1,KANSAS CITY,KANSAS CITY|JACKSON
JACKSON - 000383,35,1.0000000000,5.0000000000,5.0000000000,1,KANSAS CITY,KANSAS CITY|JACKSON
JACKSON - 000385,35,1.0000000000,2.0000000000,2.0000000000,1,KANSAS CITY,KANSAS CITY|JACKSON
JACKSON - 000386,26,1.0000000000,20.0000000000,20.0000000000,1,KANSAS CITY,KANSAS CITY|JACKSON
JACKSON - 000387,37,1.0000000000,16.0000000000,16.0000000000,1,KANSAS CITY,KANSAS CITY|JACKSON
JACKSON - 000388,37,1.0000000000,24.0000000000,24.0000000000,1,KANSAS CITY,KANSAS CITY|JACKSON
JACKSON - 000389,35,0.5675675676,21.0000000000,37.0000000000,1,KANSAS CITY,KANSAS CITY|JACKSON
JACKSON - 000389,37,0.4324324324,16.0000000000,37.0000000000,1,KANSAS CITY,KANSAS CITY|JACKSON
JACKSON - 000390,37,1.0000000000,14.0000000000,14.0000000000,1,KANSAS CITY,KANSAS CITY|JACKSON
JACKSON - 000391,37,1.0000000000,15.0000000000,15.0000000000,1,KANSAS CITY,KANSAS CITY|JACKSON
JACKSON - 000392,37,1.0000000000,21.0000000000,21.0000000000,1,KANSAS CITY,KANSAS CITY|JACKSON
JACKSON - 000393,37,1.0000000000,20.0000000000,20.0000000000,1,KANSAS CITY,KANSAS CITY|JACKSON
JACKSON - 000394,37,1.0000000000,22.0000000000,22.0000000000,1,KANSAS CITY,KANSAS CITY|JACKSON
JACKSON - 000395,37,1.0000000000,22.0000000000,22.0000000000,1,KANSAS CITY,KANSAS CITY|JACKSON
JACKSON - 000396,36,1.0000000000,31.0000000000,31.0000000000,1,KANSAS CITY,KANSAS CITY|JACKSON
JACKSON - 000397,36,1.0000000000,5.0000000000,5.0000000000,1,KANSAS CITY,KANSAS CITY|JACKSON
JACKSON - 000398,35,0.2500000000,1.0000000000,4.0000000000,1,KANSAS CITY,KANSAS CITY|JACKSON
JACKSON - 000398,37,0.7500000000,3.0000000000,4.0000000000,1,KANSAS CITY,KANSAS CITY|JACKSON
JACKSON - 000399,26,0.9565217391,22.0000000000,23.0000000000,1,KANSAS CITY,KANSAS CITY|JACKSON
JACKSON - 000399,27,0.0434782609,1.0000000000,23.0000000000,1,KANSAS CITY,KANSAS CITY|JACKSON
JACKSON - 000400,26,1.0000000000,15.0000000000,15.0000000000,1,KANSAS CITY,KANSAS CITY|JACKSON
JACKSON - 000401,37,1.0000000000,10.0000000000,10.0000000000,1,KANSAS CITY,KANSAS CITY|JACKSON
JACKSON - 000402,26,1.0000000000,12.0000000000,12.0000000000,1,KANSAS CITY,KANSAS CITY|JACKSON
JACKSON - 000403,26,1.0000000000,18.0000000000,18.0000000000,1,KANSAS CITY,KANSAS CITY|JACKSON
JACKSON - 000404,26,1.0000000000,12.0000000000,12.0000000000,1,KANSAS CITY,KANSAS CITY|JACKSON
JACKSON - 000405,26,1.0000000000,16.0000000000,16.0000000000,1,KANSAS CITY,KANSAS CITY|JACKSON
JACKSON - 000406,26,0.3333333333,2.0000000000,6.0000000000,1,KANSAS CITY,KANSAS CITY|JACKSON
JACKSON - 000406,35,0.5000000000,3.0000000000,6.0000000000,1,KANSAS CITY,KANSAS CITY|JACKSON
JACKSON - 000406,37,0.1666666667,1.0000000000,6.0000000000,1,KANSAS CITY,KANSAS CITY|JACKSON
JACKSON - 000407,26,0.8750000000,7.0000000000,8.0000000000,1,KANSAS CITY,KANSAS CITY|JACKSON
JACKSON - 000407,37,0.1250000000,1.0000000000,8.0000000000,1,KANSAS CITY,KANSAS CITY|JACKSON
JACKSON - 000408,26,0.6400000000,16.0000000000,25.0000000000,1,KANSAS CITY,KANSAS CITY|JACKSON
JACKSON - 000408,37,0.3600000000,9.0000000000,25.0000000000,1,KANSAS CITY,KANSAS CITY|JACKSON
JACKSON - 000409,37,1.0000000000,26.0000000000,26.0000000000,1,KANSAS CITY,KANSAS CITY|JACKSON
JACKSON - 000412,22,0.3125000000,5.0000000000,16.0000000000,1,KANSAS CITY,KANSAS CITY|JACKSON
JACKSON - 000412,24,0.6875000000,11.0000000000,16.0000000000,1,KANSAS CITY,KANSAS CITY|JACKSON
JACKSON - 000413,22,0.2500000000,2.0000000000,8.0000000000,1,KANSAS CITY,KANSAS CITY|JACKSON
JACKSON - 000413,24,0.7500000000,6.0000000000,8.0000000000,1,KANSAS CITY,KANSAS CITY|JACKSON
JACKSON - 000414,22,0.5185185185,14.0000000000,27.0000000000,1,KANSAS CITY,KANSAS CITY|JACKSON
JACKSON - 000414,23,0.4814814815,13.0000000000,27.0000000000,1,KANSAS CITY,KANSAS CITY|JACKSON
JACKSON - 000415,22,0.1250000000,2.0000000000,16.0000000000,1,KANSAS CITY,KANSAS CITY|JACKSON
JACKSON - 000415,23,0.8750000000,14.0000000000,16.0000000000,1,KANSAS CITY,KANSAS CITY|JACKSON
JACKSON - 000416,22,1.0000000000,16.0000000000,16.0000000000,1,KANSAS CITY,KANSAS CITY|JACKSON
JACKSON - 000417,22,1.0000000000,18.0000000000,18.0000000000,1,KANSAS CITY,KANSAS CITY|JACKSON
JACKSON - 000418,22,1.0000000000,16.0000000000,16.0000000000,1,KANSAS CITY,KANSAS CITY|JACKSON
JACKSON - 000419,22,1.0000000000,17.0000000000,17.0000000000,1,KANSAS CITY,KANSAS CITY|JACKSON
JACKSON - 000420,22,1.0000000000,29.0000000000,29.0000000000,1,KANSAS CITY,KANSAS CITY|JACKSON
JACKSON - 000421,22,1.0000000000,27.0000000000,27.0000000000,1,KANSAS CITY,KANSAS CITY|JACKSON
JACKSON - 000422,22,1.0000000000,16.0000000000,16.0000000000,1,KANSAS CITY,KANSAS CITY|JACKSON
JACKSON - 000423,22,1.0000000000,27.0000000000,27.0000000000,1,KANSAS CITY,KANSAS CITY|JACKSON
JACKSON - 000424,22,1.0000000000,8.0000000000,8.0000000000,1,KANSAS CITY,KANSAS CITY|JACKSON
JACKSON - 000425,24,1.0000000000,16.0000000000,16.0000000000,1,KANSAS CITY,KANSAS CITY|JACKSON
JACKSON - 000426,24,1.0000000000,13.0000000000,13.0000000000,1,KANSAS CITY,KANSAS CITY|JACKSON
JACKSON - 000427,24,1.0000000000,23.0000000000,23.0000000000,1,KANSAS CITY,KANSAS CITY|JACKSON
JACKSON - 000428,24,1.0000000000,14.0000000000,14.0000000000,1,KANSAS CITY,KANSAS CITY|JACKSON
JACKSON - 000429,24,1.0000000000,16.0000000000,16.0000000000,1,KANSAS CITY,KANSAS CITY|JACKSON
JACKSON - 000430,24,1.0000000000,25.0000000000,25.0000000000,1,KANSAS CITY,KANSAS CITY|JACKSON
JACKSON - 000431,24,1.0000000000,14.0000000000,14.0000000000,1,KANSAS CITY,KANSAS CITY|JACKSON
JACKSON - 000432,24,0.3636363636,4.0000000000,11.0000000000,1,KANSAS CITY,KANSAS CITY|JACKSON
JACKSON - 000432,27,0.6363636364,7.0000000000,11.0000000000,1,KANSAS CITY,KANSAS CITY|JACKSON
JACKSON - 000433,24,1.0000000000,14.0000000000,14.0000000000,1,KANSAS CITY,KANSAS CITY|JACKSON
JACKSON - 000434,24,0.1000000000,2.0000000000,20.0000000000,1,KANSAS CITY,KANSAS CITY|JACKSON
JACKSON - 000434,27,0.9000000000,18.0000000000,20.0000000000,1,KANSAS CITY,KANSAS CITY|JACKSON
JACKSON - 000435,24,0.9200000000,23.0000000000,25.0000000000,1,KANSAS CITY,KANSAS CITY|JACKSON
JACKSON - 000435,27,0.0800000000,2.0000000000,25.0000000000,1,KANSAS CITY,KANSAS CITY|JACKSON
JACKSON - 000436,24,1.0000000000,36.0000000000,36.0000000000,1,KANSAS CITY,KANSAS CITY|JACKSON
JACKSON - 000437,24,1.0000000000,39.0000000000,39.0000000000,1,KANSAS CITY,KANSAS CITY|JACKSON
JACKSON - 000438,24,1.0000000000,17.0000000000,17.0000000000,1,KANSAS CITY,KANSAS CITY|JACKSON
JACKSON - 000439,24,1.0000000000,22.0000000000,22.0000000000,1,KANSAS CITY,KANSAS CITY|JACKSON
JACKSON - 000440,24,0.8947368421,17.0000000000,19.0000000000,1,KANSAS CITY,KANSAS CITY|JACKSON
JACKSON - 000440,25,0.1052631579,2.0000000000,19.0000000000,1,KANSAS CITY,KANSAS CITY|JACKSON
JACKSON - 000441,24,1.0000000000,14.0000000000,14.0000000000,1,KANSAS CITY,KANSAS CITY|JACKSON
JACKSON - 000442,24,1.0000000000,26.0000000000,26.0000000000,1,KANSAS CITY,KANSAS CITY|JACKSON
JACKSON - 000443,24,0.3333333333,6.0000000000,18.0000000000,1,KANSAS CITY,KANSAS CITY|JACKSON
JACKSON - 000443,25,0.6666666667,12.0000000000,18.0000000000,1,KANSAS CITY,KANSAS CITY|JACKSON
JACKSON - 000444,25,1.0000000000,10.0000000000,10.0000000000,1,KANSAS CITY,KANSAS CITY|JACKSON
JACKSON - 000446,25,0.0476190476,1.0000000000,21.0000000000,1,KANSAS CITY,KANSAS CITY|JACKSON
JACKSON - 000446,27,0.9523809524,20.0000000000,21.0000000000,1,KANSAS CITY,KANSAS CITY|JACKSON
JACKSON - 000447,25,1.0000000000,29.0000000000,29.0000000000,1,KANSAS CITY,KANSAS CITY|JACKSON
JACKSON - 000448,25,1.0000000000,9.0000000000,9.0000000000,1,KANSAS CITY,KANSAS CITY|JACKSON
JACKSON - 000449,25,1.0000000000,6.0000000000,6.0000000000,1,KANSAS CITY,KANSAS CITY|JACKSON
JACKSON - 000450,25,1.0000000000,18.0000000000,18.0000000000,1,KANSAS CITY,KANSAS CITY|JACKSON
JACKSON - 000451,25,1.0000000000,25.0000000000,25.0000000000,1,KANSAS CITY,KANSAS CITY|JACKSON
JACKSON - 000452,25,1.0000000000,30.0000000000,30.0000000000,1,KANSAS CITY,KANSAS CITY|JACKSON
JACKSON - 000453,25,1.0000000000,35.0000000000,35.0000000000,1,KANSAS CITY,KANSAS CITY|JACKSON
JACKSON - 000454,25,1.0000000000,14.0000000000,14.0000000000,1,KANSAS CITY,KANSAS CITY|JACKSON
JACKSON - 000455,25,1.0000000000,12.0000000000,12.0000000000,1,KANSAS CITY,KANSAS CITY|JACKSON
JACKSON - 000456,25,0.3043478261,7.0000000000,23.0000000000,1,KANSAS CITY,KANSAS CITY|JACKSON
JACKSON - 000456,27,0.6956521739,16.0000000000,23.0000000000,1,KANSAS CITY,KANSAS CITY|JACKSON
JACKSON - 000457,25,1.0000000000,6.0000000000,6.0000000000,1,KANSAS CITY,KANSAS CITY|JACKSON
JACKSON - 000458,22,0.5500000000,11.0000000000,20.0000000000,1,KANSAS CITY,KANSAS CITY|JACKSON
JACKSON - 000458,27,0.4500000000,9.0000000000,20.0000000000,1,KANSAS CITY,KANSAS CITY|JACKSON
JACKSON - 000459,22,1.0000000000,25.0000000000,25.0000000000,1,KANSAS CITY,KANSAS CITY|JACKSON
JACKSON - 000460,22,1.0000000000,22.0000000000,22.0000000000,1,KANSAS CITY,KANSAS CITY|JACKSON
JACKSON - 000461,22,1.0000000000,16.0000000000,16.0000000000,1,KANSAS CITY,KANSAS CITY|JACKSON
JACKSON - 000462,22,0.4800000000,12.0000000000,25.0000000000,1,KANSAS CITY,KANSAS CITY|JACKSON
JACKSON - 000462,27,0.5200000000,13.0000000000,25.0000000000,1,KANSAS CITY,KANSAS CITY|JACKSON
JACKSON - 000463,22,1.0000000000,31.0000000000,31.0000000000,1,KANSAS CITY,KANSAS CITY|JACKSON
JACKSON - 000464,22,0.4000000000,2.0000000000,5.0000000000,1,KANSAS CITY,KANSAS CITY|JACKSON
JACKSON - 000464,27,0.6000000000,3.0000000000,5.0000000000,1,KANSAS CITY,KANSAS CITY|JACKSON
JACKSON - 000467,27,1.0000000000,31.0000000000,31.0000000000,1,KANSAS CITY,KANSAS CITY|JACKSON
JACKSON - 000469,27,1.0000000000,36.0000000000,36.0000000000,1,KANSAS CITY,KANSAS CITY|JACKSON
JACKSON - 000470,22,0.9677419355,30.0000000000,31.0000000000,1,KANSAS CITY,KANSAS CITY|JACKSON
JACKSON - 000470,27,0.0322580645,1.0000000000,31.0000000000,1,KANSAS CITY,KANSAS CITY|JACKSON
JACKSON - 000471,22,1.0000000000,21.0000000000,21.0000000000,1,KANSAS CITY,KANSAS CITY|JACKSON
JACKSON - 000474,25,0.5555555556,10.0000000000,18.0000000000,1,KANSAS CITY,KANSAS CITY|JACKSON
JACKSON - 000474,27,0.4444444444,8.0000000000,18.0000000000,1,KANSAS CITY,KANSAS CITY|JACKSON
JACKSON - 000475,25,0.6111111111,11.0000000000,18.0000000000,1,KANSAS CITY,KANSAS CITY|JACKSON
JACKSON - 000475,27,0.3888888889,7.0000000000,18.0000000000,1,KANSAS CITY,KANSAS CITY|JACKSON
JACKSON - 000476,25,1.0000000000,25.0000000000,25.0000000000,1,KANSAS CITY,KANSAS CITY|JACKSON
JACKSON - 000477,25,1.0000000000,29.0000000000,29.0000000000,1,KANSAS CITY,KANSAS CITY|JACKSON
JACKSON - 000478,25,1.0000000000,37.0000000000,37.0000000000,1,KANSAS CITY,KANSAS CITY|JACKSON
JACKSON - 000479,25,1.0000000000,18.0000000000,18.0000000000,1,KANSAS CITY,KANSAS CITY|JACKSON
JACKSON - 000480,25,1.0000000000,35.0000000000,35.0000000000,1,KANSAS CITY,KANSAS CITY|JACKSON
JACKSON - 000481,25,1.0000000000,20.0000000000,20.0000000000,1,KANSAS CITY,KANSAS CITY|JACKSON
JACKSON - 000482,25,0.6969696970,23.0000000000,33.0000000000,1,KANSAS CITY,KANSAS CITY|JACKSON
JACKSON - 000482,27,0.3030303030,10.0000000000,33.0000000000,1,KANSAS CITY,KANSAS CITY|JACKSON
JACKSON - 000483,25,0.9230769231,24.0000000000,26.0000000000,1,KANSAS CITY,KANSAS CITY|JACKSON
JACKSON - 000483,26,0.0769230769,2.0000000000,26.0000000000,1,KANSAS CITY,KANSAS CITY|JACKSON
JACKSON - 000484,26,0.8888888889,16.0000000000,18.0000000000,1,KANSAS CITY,KANSAS CITY|JACKSON
JACKSON - 000484,27,0.1111111111,2.0000000000,18.0000000000,1,KANSAS CITY,KANSAS CITY|JACKSON
JACKSON - 000485,25,0.6000000000,6.0000000000,10.0000000000,1,KANSAS CITY,KANSAS CITY|JACKSON
JACKSON - 000485,27,0.4000000000,4.0000000000,10.0000000000,1,KANSAS CITY,KANSAS CITY|JACKSON
JACKSON - 000486,26,1.0000000000,17.0000000000,17.0000000000,1,KANSAS CITY,KANSAS CITY|JACKSON
JACKSON - 000488,25,1.0000000000,31.0000000000,31.0000000000,1,KANSAS CITY,KANSAS CITY|JACKSON
JACKSON - 000489,25,1.0000000000,42.0000000000,42.0000000000,1,KANSAS CITY,KANSAS CITY|JACKSON
JACKSON - 000490,25,0.2857142857,8.0000000000,28.0000000000,1,KANSAS CITY,KANSAS CITY|JACKSON
JACKSON - 000490,26,0.7142857143,20.0000000000,28.0000000000,1,KANSAS CITY,KANSAS CITY|JACKSON
JACKSON - 000491,26,1.0000000000,6.0000000000,6.0000000000,1,KANSAS CITY,KANSAS CITY|JACKSON
JACKSON - 000492,25,1.0000000000,18.0000000000,18.0000000000,1,KANSAS CITY,KANSAS CITY|JACKSON
JACKSON - 000493,25,1.0000000000,29.0000000000,29.0000000000,1,KANSAS CITY,KANSAS CITY|JACKSON
JACKSON - 000494,25,1.0000000000,22.0000000000,22.0000000000,1,KANSAS CITY,KANSAS CITY|JACKSON
JACKSON - 000495,25,1.0000000000,30.0000000000,30.0000000000,1,KANSAS CITY,KANSAS CITY|JACKSON
JACKSON - 000496,25,1.0000000000,34.0000000000,34.0000000000,1,KANSAS CITY,KANSAS CITY|JACKSON
JACKSON - 000497,25,0.2666666667,8.0000000000,30.0000000000,1,KANSAS CITY,KANSAS CITY|JACKSON
JACKSON - 000497,26,0.7333333333,22.0000000000,30.0000000000,1,KANSAS CITY,KANSAS CITY|JACKSON
JACKSON - 000499,35,1.0000000000,33.0000000000,33.0000000000,0,JACKSON,JACKSON|KANSAS CITY
JACKSON - 000500,35,1.0000000000,24.0000000000,24.0000000000,0,JACKSON,JACKSON|KANSAS CITY
JACKSON - 000501,35,1.0000000000,14.0000000000,14.0000000000,0,JACKSON,JACKSON|KANSAS CITY
JACKSON - 000503,35,1.0000000000,17.0000000000,17.0000000000,0,JACKSON,JACKSON|KANSAS CITY
JACKSON - 000505,35,1.0000000000,30.0000000000,30.0000000000,0,JACKSON,JACKSON|KANSAS CITY
JACKSON - 000506,35,1.0000000000,29.0000000000,29.0000000000,0,JACKSON,JACKSON|KANSAS CITY
JACKSON - 000508,35,1.0000000000,22.0000000000,22.0000000000,0,JACKSON,JACKSON|KANSAS CITY
JACKSON - 000509,35,1.0000000000,15.0000000000,15.0000000000,0,JACKSON,JACKSON|KANSAS CITY
JACKSON - 000510,35,1.0000000000,61.0000000000,61.0000000000,0,JACKSON,JACKSON|KANSAS CITY
JACKSON - 000511,35,1.0000000000,23.0000000000,23.0000000000,0,JACKSON,JACKSON|KANSAS CITY
JACKSON - 000512,35,1.0000000000,18.0000000000,18.0000000000,0,JACKSON,JACKSON|KANSAS CITY
JACKSON - 000514,34,1.0000000000,37.0000000000,37.0000000000,0,JACKSON,JACKSON|KANSAS CITY
JACKSON - 000515,34,0.9500000000,19.0000000000,20.0000000000,0,JACKSON,JACKSON|KANSAS CITY
JACKSON - 000515,35,0.0500000000,1.0000000000,20.0000000000,0,JACKSON,JACKSON|KANSAS CITY
JACKSON - 000516,34,1.0000000000,24.0000000000,24.0000000000,0,JACKSON,JACKSON|KANSAS CITY
JACKSON - 000517,34,1.0000000000,24.0000000000,24.0000000000,0,JACKSON,JACKSON|KANSAS CITY
JACKSON - 000518,30,1.0000000000,24.0000000000,24.0000000000,0,JACKSON,JACKSON|KANSAS CITY
JACKSON - 000519,20,0.0357142857,1.0000000000,28.0000000000,0,JACKSON,JACKSON|KANSAS CITY
JACKSON - 000519,30,0.9642857143,27.0000000000,28.0000000000,0,JACKSON,JACKSON|KANSAS CITY
JACKSON - 000520,34,1.0000000000,79.0000000000,79.0000000000,0,JACKSON,JACKSON|KANSAS CITY
JACKSON - 000523,20,0.1785714286,5.0000000000,28.0000000000,0,JACKSON,JACKSON|KANSAS CITY
JACKSON - 000523,30,0.8214285714,23.0000000000,28.0000000000,0,JACKSON,JACKSON|KANSAS CITY
JACKSON - 000524,30,1.0000000000,36.0000000000,36.0000000000,0,JACKSON,JACKSON|KANSAS CITY
JACKSON - 000525,30,1.0000000000,26.0000000000,26.0000000000,0,JACKSON,JACKSON|KANSAS CITY
JACKSON - 000527,30,1.0000000000,20.0000000000,20.0000000000,0,JACKSON,JACKSON|KANSAS CITY
JACKSON - 000529,34,1.0000000000,80.0000000000,80.0000000000,0,JACKSON,JACKSON|KANSAS CITY
JACKSON - 000531,34,1.0000000000,13.0000000000,13.0000000000,0,JACKSON,JACKSON|KANSAS CITY
JACKSON - 000532,34,1.0000000000,32.0000000000,32.0000000000,0,JACKSON,JACKSON|KANSAS CITY
JACKSON - 000534,34,1.0000000000,21.0000000000,21.0000000000,0,JACKSON,JACKSON|KANSAS CITY
JACKSON - 000536,30,1.0000000000,47.0000000000,47.0000000000,0,JACKSON,JACKSON|KANSAS CITY
JACKSON - 000537,30,0.8717948718,34.0000000000,39.0000000000,0,JACKSON,JACKSON|KANSAS CITY
JACKSON - 000537,34,0.1282051282,5.0000000000,39.0000000000,0,JACKSON,JACKSON|KANSAS CITY
JACKSON - 000538,34,1.0000000000,32.0000000000,32.0000000000,0,JACKSON,JACKSON|KANSAS CITY
JACKSON - 000539,34,1.0000000000,35.0000000000,35.0000000000,0,JACKSON,JACKSON|KANSAS CITY
JACKSON - 000540,30,1.0000000000,32.0000000000,32.0000000000,0,JACKSON,JACKSON|KANSAS CITY
JACKSON - 000542,30,1.0000000000,49.0000000000,49.0000000000,0,JACKSON,JACKSON|KANSAS CITY
JACKSON - 000543,34,1.0000000000,28.0000000000,28.0000000000,0,JACKSON,JACKSON|KANSAS CITY
JACKSON - 000544,30,1.0000000000,26.0000000000,26.0000000000,0,JACKSON,JACKSON|KANSAS CITY
JACKSON - 000546,30,1.0000000000,27.0000000000,27.0000000000,0,JACKSON,JACKSON|KANSAS CITY
JACKSON - 000547,33,1.0000000000,19.0000000000,19.0000000000,0,JACKSON,JACKSON|KANSAS CITY
JACKSON - 000548,30,1.0000000000,23.0000000000,23.0000000000,0,JACKSON,JACKSON|KANSAS CITY
JACKSON - 000550,33,1.0000000000,48.0000000000,48.0000000000,0,JACKSON,JACKSON|KANSAS CITY
JACKSON - 000551,30,0.0232558140,1.0000000000,43.0000000000,0,JACKSON,JACKSON|KANSAS CITY
JACKSON - 000551,33,0.9767441860,42.0000000000,43.0000000000,0,JACKSON,JACKSON|KANSAS CITY
JACKSON - 000552,33,1.0000000000,30.0000000000,30.0000000000,0,JACKSON,JACKSON|KANSAS CITY
JACKSON - 000554,34,0.3571428571,10.0000000000,28.0000000000,0,JACKSON,JACKSON|KANSAS CITY
JACKSON - 000554,35,0.6428571429,18.0000000000,28.0000000000,0,JACKSON,JACKSON|KANSAS CITY
JACKSON - 000555,33,1.0000000000,51.0000000000,51.0000000000,0,JACKSON,JACKSON|KANSAS CITY
JACKSON - 000556,31,0.5312500000,17.0000000000,32.0000000000,0,JACKSON,JACKSON|KANSAS CITY
JACKSON - 000556,33,0.4687500000,15.0000000000,32.0000000000,0,JACKSON,JACKSON|KANSAS CITY
JACKSON - 000557,33,1.0000000000,1.0000000000,1.0000000000,0,JACKSON,JACKSON|KANSAS CITY
JACKSON - 000558,34,1.0000000000,12.0000000000,12.0000000000,0,JACKSON,JACKSON|KANSAS CITY
JACKSON - 000561,30,1.0000000000,21.0000000000,21.0000000000,0,JACKSON,JACKSON|KANSAS CITY
JACKSON - 000562,30,1.0000000000,53.0000000000,53.0000000000,0,JACKSON,JACKSON|KANSAS CITY
JACKSON - 000563,30,1.0000000000,26.0000000000,26.0000000000,0,JACKSON,JACKSON|KANSAS CITY
JACKSON - 000564,34,1.0000000000,17.0000000000,17.0000000000,0,JACKSON,JACKSON|KANSAS CITY
JACKSON - 000566,34,1.0000000000,47.0000000000,47.0000000000,0,JACKSON,JACKSON|KANSAS CITY
JACKSON - 000567,34,1.0000000000,29.0000000000,29.0000000000,0,JACKSON,JACKSON|KANSAS CITY
JACKSON - 000568,30,1.0000000000,15.0000000000,15.0000000000,0,JACKSON,JACKSON|KANSAS CITY
JACKSON - 000569,20,0.4166666667,10.0000000000,24.0000000000,0,JACKSON,JACKSON|KANSAS CITY
JACKSON - 000569,29,0.5833333333,14.0000000000,24.0000000000,0,JACKSON,JACKSON|KANSAS CITY
JACKSON - 000570,31,0.5555555556,20.0000000000,36.0000000000,0,JACKSON,JACKSON|KANSAS CITY
JACKSON - 000570,33,0.4444444444,16.0000000000,36.0000000000,0,JACKSON,JACKSON|KANSAS CITY
JACKSON - 000572,31,1.0000000000,28.0000000000,28.0000000000,0,JACKSON,JACKSON|KANSAS CITY
JACKSON - 000573,33,1.0000000000,18.0000000000,18.0000000000,0,JACKSON,JACKSON|KANSAS CITY
JACKSON - 000578,31,1.0000000000,25.0000000000,25.0000000000,0,JACKSON,JACKSON|KANSAS CITY
JACKSON - 000579,31,1.0000000000,21.0000000000,21.0000000000,0,JACKSON,JACKSON|KANSAS CITY
JACKSON - 000580,31,1.0000000000,24.0000000000,24.0000000000,0,JACKSON,JACKSON|KANSAS CITY
JACKSON - 000581,20,0.7500000000,3.0000000000,4.0000000000,0,JACKSON,JACKSON|KANSAS CITY
JACKSON - 000581,30,0.2500000000,1.0000000000,4.0000000000,0,JACKSON,JACKSON|KANSAS CITY
JACKSON - 000582,20,1.0000000000,19.0000000000,19.0000000000,0,JACKSON,JACKSON|KANSAS CITY
JACKSON - 000584,31,1.0000000000,39.0000000000,39.0000000000,0,JACKSON,JACKSON|KANSAS CITY
JACKSON - 000586,31,0.9878048780,81.0000000000,82.0000000000,0,JACKSON,JACKSON|KANSAS CITY
JACKSON - 000586,33,0.0121951220,1.0000000000,82.0000000000,0,JACKSON,JACKSON|KANSAS CITY
JACKSON - 000587,33,1.0000000000,35.0000000000,35.0000000000,0,JACKSON,JACKSON|KANSAS CITY
JACKSON - 000590,31,1.0000000000,5.0000000000,5.0000000000,0,JACKSON,JACKSON|KANSAS CITY
JACKSON - 000591,31,1.0000000000,24.0000000000,24.0000000000,0,JACKSON,JACKSON|KANSAS CITY
JACKSON - 000592,31,1.0000000000,18.0000000000,18.0000000000,0,JACKSON,JACKSON|KANSAS CITY
JACKSON - 000593,20,0.8888888889,32.0000000000,36.0000000000,0,JACKSON,JACKSON|KANSAS CITY
JACKSON - 000593,32,0.1111111111,4.0000000000,36.0000000000,0,JACKSON,JACKSON|KANSAS CITY
JACKSON - 000595,31,1.0000000000,20.0000000000,20.0000000000,0,JACKSON,JACKSON|KANSAS CITY
JACKSON - 000596,33,1.0000000000,40.0000000000,40.0000000000,0,JACKSON,JACKSON|KANSAS CITY
JACKSON - 000599,33,1.0000000000,44.0000000000,44.0000000000,0,JACKSON,JACKSON|KANSAS CITY
JACKSON - 000601,31,1.0000000000,24.0000000000,24.0000000000,0,JACKSON,JACKSON|KANSAS CITY
JACKSON - 000603,33,1.0000000000,32.0000000000,32.0000000000,0,JACKSON,JACKSON|KANSAS CITY
JACKSON - 000604,32,0.3000000000,6.0000000000,20.0000000000,0,JACKSON,JACKSON|KANSAS CITY
JACKSON - 000604,33,0.7000000000,14.0000000000,20.0000000000,0,JACKSON,JACKSON|KANSAS CITY
JACKSON - 000605,33,1.0000000000,6.0000000000,6.0000000000,0,JACKSON,JACKSON|KANSAS CITY
JACKSON - 000606,20,0.7428571429,26.0000000000,35.0000000000,0,JACKSON,JACKSON|KANSAS CITY
JACKSON - 000606,32,0.2571428571,9.0000000000,35.0000000000,0,JACKSON,JACKSON|KANSAS CITY
JACKSON - 000607,32,1.0000000000,45.0000000000,45.0000000000,0,JACKSON,JACKSON|KANSAS CITY
JACKSON - 000608,32,1.0000000000,73.0000000000,73.0000000000,0,JACKSON,JACKSON|KANSAS CITY
JACKSON - 000610,32,0.9600000000,24.0000000000,25.0000000000,0,JACKSON,JACKSON|KANSAS CITY
JACKSON - 000610,33,0.0400000000,1.0000000000,25.0000000000,0,JACKSON,JACKSON|KANSAS CITY
JACKSON - 000612,32,1.0000000000,8.0000000000,8.0000000000,0,JACKSON,JACKSON|KANSAS CITY
JACKSON - 000613,31,1.0000000000,14.0000000000,14.0000000000,0,JACKSON,JACKSON|KANSAS CITY
JACKSON - 000614,32,1.0000000000,55.0000000000,55.0000000000,0,JACKSON,JACKSON|KANSAS CITY
JACKSON - 000616,32,1.0000000000,18.0000000000,18.0000000000,0,JACKSON,JACKSON|KANSAS CITY
JACKSON - 000617,32,1.0000000000,24.0000000000,24.0000000000,0,JACKSON,JACKSON|KANSAS CITY
JACKSON - 000619,32,1.0000000000,42.0000000000,42.0000000000,0,JACKSON,JACKSON|KANSAS CITY
JACKSON - 000620,20,0.0789473684,3.0000000000,38.0000000000,0,JACKSON,JACKSON|KANSAS CITY
JACKSON - 000620,31,0.9210526316,35.0000000000,38.0000000000,0,JACKSON,JACKSON|KANSAS CITY
JACKSON - 000622,20,0.1219512195,5.0000000000,41.0000000000,0,JACKSON,JACKSON|KANSAS CITY
JACKSON - 000622,31,0.5365853659,22.0000000000,41.0000000000,0,JACKSON,JACKSON|KANSAS CITY
JACKSON - 000622,32,0.3414634146,14.0000000000,41.0000000000,0,JACKSON,JACKSON|KANSAS CITY
JACKSON - 000623,20,0.0131578947,1.0000000000,76.0000000000,0,JACKSON,JACKSON|KANSAS CITY
JACKSON - 000623,30,0.0394736842,3.0000000000,76.0000000000,0,JACKSON,JACKSON|KANSAS CITY
JACKSON - 000623,31,0.3815789474,29.0000000000,76.0000000000,0,JACKSON,JACKSON|KANSAS CITY
JACKSON - 000623,33,0.5657894737,43.0000000000,76.0000000000,0,JACKSON,JACKSON|KANSAS CITY
JACKSON - 000625,31,1.0000000000,22.0000000000,22.0000000000,0,JACKSON,JACKSON|KANSAS CITY
JACKSON - 000626,31,0.5000000000,14.0000000000,28.0000000000,0,JACKSON,JACKSON|KANSAS CITY
JACKSON - 000626,32,0.2142857143,6.0000000000,28.0000000000,0,JACKSON,JACKSON|KANSAS CITY
JACKSON - 000626,33,0.2857142857,8.0000000000,28.0000000000,0,JACKSON,JACKSON|KANSAS CITY
JACKSON - 000629,32,0.3243243243,12.0000000000,37.0000000000,0,JACKSON,JACKSON|KANSAS CITY
JACKSON - 000629,33,0.6756756757,25.0000000000,37.0000000000,0,JACKSON,JACKSON|KANSAS CITY
JACKSON - 000630,31,1.0000000000,26.0000000000,26.0000000000,0,JACKSON,JACKSON|KANSAS CITY
JACKSON - 000631,32,1.0000000000,25.0000000000,25.0000000000,0,JACKSON,JACKSON|KANSAS CITY
JACKSON - 000632,32,1.0000000000,49.0000000000,49.0000000000,0,JACKSON,JACKSON|KANSAS CITY
JACKSON - 000633,32,1.0000000000,53.0000000000,53.0000000000,0,JACKSON,JACKSON|KANSAS CITY
JACKSON - 000634,32,0.9811320755,52.0000000000,53.0000000000,0,JACKSON,JACKSON|KANSAS CITY
JACKSON - 000634,33,0.0188679245,1.0000000000,53.0000000000,0,JACKSON,JACKSON|KANSAS CITY
JACKSON - 000637,32,1.0000000000,28.0000000000,28.0000000000,0,JACKSON,JACKSON|KANSAS CITY
JACKSON - 000638,32,0.7272727273,32.0000000000,44.0000000000,0,JACKSON,JACKSON|KANSAS CITY
JACKSON - 000638,33,0.2727272727,12.0000000000,44.0000000000,0,JACKSON,JACKSON|KANSAS CITY
JACKSON - 000639,32,0.9722222222,35.0000000000,36.0000000000,0,JACKSON,JACKSON|KANSAS CITY
JACKSON - 000639,33,0.0277777778,1.0000000000,36.0000000000,0,JACKSON,JACKSON|KANSAS CITY
JACKSON - 000640,33,1.0000000000,14.0000000000,14.0000000000,0,JACKSON,JACKSON|KANSAS CITY
JACKSON - 000641,32,0.5454545455,6.0000000000,11.0000000000,0,JACKSON,JACKSON|KANSAS CITY
JACKSON - 000641,33,0.4545454545,5.0000000000,11.0000000000,0,JACKSON,JACKSON|KANSAS CITY
JACKSON - 000642,33,1.0000000000,14.0000000000,14.0000000000,0,JACKSON,JACKSON|KANSAS CITY
JACKSON - 000643,33,1.0000000000,17.0000000000,17.0000000000,0,JACKSON,JACKSON|KANSAS CITY
JACKSON - 000644,33,1.0000000000,26.0000000000,26.0000000000,0,JACKSON,JACKSON|KANSAS CITY
JACKSON - 000645,33,1.0000000000,83.0000000000,83.0000000000,0,JACKSON,JACKSON|KANSAS CITY
JACKSON - 000648,36,1.0000000000,26.0000000000,26.0000000000,0,JACKSON,JACKSON|KANSAS CITY
JACKSON - 000650,36,1.0000000000,29.0000000000,29.0000000000,0,JACKSON,JACKSON|KANSAS CITY
JACKSON - 000651,36,1.0000000000,34.0000000000,34.0000000000,0,JACKSON,JACKSON|KANSAS CITY
JACKSON - 000654,36,1.0000000000,46.0000000000,46.0000000000,0,JACKSON,JACKSON|KANSAS CITY
JACKSON - 000655,36,1.0000000000,36.0000000000,36.0000000000,0,JACKSON,JACKSON|KANSAS CITY
JACKSON - 000656,36,1.0000000000,48.0000000000,48.0000000000,0,JACKSON,JACKSON|KANSAS CITY
JACKSON - 000658,36,1.0000000000,12.0000000000,12.0000000000,0,JACKSON,JACKSON|KANSAS CITY
JACKSON - 000660,36,1.0000000000,49.0000000000,49.0000000000,0,JACKSON,JACKSON|KANSAS CITY
JACKSON - 000661,36,1.0000000000,38.0000000000,38.0000000000,0,JACKSON,JACKSON|KANSAS CITY
JACKSON - 000662,36,1.0000000000,26.0000000000,26.0000000000,0,JACKSON,JACKSON|KANSAS CITY
JACKSON - 000663,36,1.0000000000,26.0000000000,26.0000000000,0,JACKSON,JACKSON|KANSAS CITY
JACKSON - 000664,36,1.0000000000,79.0000000000,79.0000000000,0,JACKSON,JACKSON|KANSAS CITY
JACKSON - 16-100,33,1.0000000000,27.0000000000,27.0000000000,0,JACKSON,JACKSON|KANSAS CITY
JACKSON - 16-101,32,1.0000000000,1.0000000000,1.0000000000,0,JACKSON,JACKSON|KANSAS CITY
JACKSON - 160102,19,0.0298507463,2.0000000000,67.0000000000,0,JACKSON,JACKSON|KANSAS CITY
JACKSON - 160102,21,0.9701492537,65.0000000000,67.0000000000,0,JACKSON,JACKSON|KANSAS CITY
JACKSON - 160103,21,0.9866666667,74.0000000000,75.0000000000,0,JACKSON,JACKSON|KANSAS CITY
JACKSON - 160103,22,0.0133333333,1.0000000000,75.0000000000,0,JACKSON,JACKSON|KANSAS CITY
JACKSON - 160104,21,1.0000000000,51.0000000000,51.0000000000,0,JACKSON,JACKSON|KANSAS CITY
JACKSON - 160406,21,1.0000000000,49.0000000000,49.0000000000,0,JACKSON,JACKSON|KANSAS CITY
JACKSON - BR1608,28,1.0000000000,34.0000000000,34.0000000000,0,JACKSON,JACKSON|KANSAS CITY
JACKSON - BR1610,28,1.0000000000,61.0000000000,61.0000000000,0,JACKSON,JACKSON|KANSAS CITY
JACKSON - BR1611,28,1.0000000000,3.0000000000,3.0000000000,0,JACKSON,JACKSON|KANSAS CITY
JACKSON - BR1612,28,1.0000000000,43.0000000000,43.0000000000,0,JACKSON,JACKSON|KANSAS CITY
JACKSON - BR1613,28,1.0000000000,37.0000000000,37.0000000000,0,JACKSON,JACKSON|KANSAS CITY
JACKSON - BR1619,28,1.0000000000,2.0000000000,2.0000000000,0,JACKSON,JACKSON|KANSAS CITY
JACKSON - BR1620,28,1.0000000000,13.0000000000,13.0000000000,0,JACKSON,JACKSON|KANSAS CITY
JACKSON - BRNO06,28,1.0000000000,6.0000000000,6.0000000000,0,JACKSON,JACKSON|KANSAS CITY
JACKSON - FO1601,20,1.0000000000,10.0000000000,10.0000000000,0,JACKSON,JACKSON|KANSAS CITY
JACKSON - FO1609,32,1.0000000000,13.0000000000,13.0000000000,0,JACKSON,JACKSON|KANSAS CITY
JACKSON - K16106,23,0.4848484848,16.0000000000,33.0000000000,1,KANSAS CITY,KANSAS CITY|JACKSON
JACKSON - K16106,24,0.5151515152,17.0000000000,33.0000000000,1,KANSAS CITY,KANSAS CITY|JACKSON
JACKSON - K16207,23,1.0000000000,2.0000000000,2.0000000000,1,KANSAS CITY,KANSAS CITY|JACKSON
JACKSON - K16218,23,1.0000000000,26.0000000000,26.0000000000,1,KANSAS CITY,KANSAS CITY|JACKSON
JACKSON - K16316,22,1.0000000000,7.0000000000,7.0000000000,1,KANSAS CITY,KANSAS CITY|JACKSON
JACKSON - K16419,24,1.0000000000,8.0000000000,8.0000000000,1,KANSAS CITY,KANSAS CITY|JACKSON
JACKSON - K16429,24,1.0000000000,8.0000000000,8.0000000000,0,JACKSON,JACKSON|KANSAS CITY
JACKSON - K16439,24,1.0000000000,9.0000000000,9.0000000000,0,JACKSON,JACKSON|KANSAS CITY
JACKSON - K16449,24,0.3333333333,2.0000000000,6.0000000000,0,JACKSON,JACKSON|KANSAS CITY
JACKSON - K16449,27,0.6666666667,4.0000000000,6.0000000000,0,JACKSON,JACKSON|KANSAS CITY
JACKSON - K16457,25,1.0000000000,1.0000000000,1.0000000000,0,JACKSON,JACKSON|KANSAS CITY
JACKSON - K16459,27,1.0000000000,9.0000000000,9.0000000000,0,JACKSON,JACKSON|KANSAS CITY
JACKSON - K16463,27,1.0000000000,13.0000000000,13.0000000000,0,JACKSON,JACKSON|KANSAS CITY
JACKSON - K16467,27,1.0000000000,1.0000000000,1.0000000000,0,JACKSON,JACKSON|KANSAS CITY
JACKSON - K16469,25,0.2500000000,1.0000000000,4.0000000000,0,JACKSON,JACKSON|KANSAS CITY
JACKSON - K16469,27,0.7500000000,3.0000000000,4.0000000000,0,JACKSON,JACKSON|KANSAS CITY
JACKSON - K16512,24,1.0000000000,8.0000000000,8.0000000000,1,KANSAS CITY,KANSAS CITY|JACKSON
JACKSON - K16513,24,1.0000000000,3.0000000000,3.0000000000,1,KANSAS CITY,KANSAS CITY|JACKSON
JACKSON - K16611,25,1.0000000000,14.0000000000,14.0000000000,1,KANSAS CITY,KANSAS CITY|JACKSON
JACKSON - K16615,25,1.0000000000,9.0000000000,9.0000000000,1,KANSAS CITY,KANSAS CITY|JACKSON
JACKSON - K16718,22,1.0000000000,4.0000000000,4.0000000000,1,KANSAS CITY,KANSAS CITY|JACKSON
JACKSON - K16804,25,1.0000000000,18.0000000000,18.0000000000,1,KANSAS CITY,KANSAS CITY|JACKSON
JACKSON - K16811,25,1.0000000000,1.0000000000,1.0000000000,1,KANSAS CITY,KANSAS CITY|JACKSON
JACKSON - K16814,25,1.0000000000,20.0000000000,20.0000000000,1,KANSAS CITY,KANSAS CITY|JACKSON
JACKSON - K16815,25,1.0000000000,6.0000000000,6.0000000000,1,KANSAS CITY,KANSAS CITY|JACKSON
JACKSON - K16903,25,0.7142857143,5.0000000000,7.0000000000,1,KANSAS CITY,KANSAS CITY|JACKSON
JACKSON - K16903,26,0.2857142857,2.0000000000,7.0000000000,1,KANSAS CITY,KANSAS CITY|JACKSON
JACKSON - K16913,26,1.0000000000,6.0000000000,6.0000000000,1,KANSAS CITY,KANSAS CITY|JACKSON
JACKSON - KC1004,26,1.0000000000,8.0000000000,8.0000000000,1,KANSAS CITY,KANSAS CITY|JACKSON
JACKSON - KC1010,37,1.0000000000,2.0000000000,2.0000000000,1,KANSAS CITY,KANSAS CITY|JACKSON
JACKSON - KC1042,25,1.0000000000,7.0000000000,7.0000000000,1,KANSAS CITY,KANSAS CITY|JACKSON
JACKSON - KC1107,19,1.0000000000,12.0000000000,12.0000000000,1,KANSAS CITY,KANSAS CITY|JACKSON
JACKSON - KC1110,19,1.0000000000,15.0000000000,15.0000000000,1,KANSAS CITY,KANSAS CITY|JACKSON
JACKSON - KC1111,19,1.0000000000,19.0000000000,19.0000000000,1,KANSAS CITY,KANSAS CITY|JACKSON
JACKSON - KC1113,19,1.0000000000,9.0000000000,9.0000000000,1,KANSAS CITY,KANSAS CITY|JACKSON
JACKSON - KC1209,23,1.0000000000,13.0000000000,13.0000000000,1,KANSAS CITY,KANSAS CITY|JACKSON
JACKSON - KC1212,19,1.0000000000,1.0000000000,1.0000000000,1,KANSAS CITY,KANSAS CITY|JACKSON
JACKSON - KC1310,19,1.0000000000,7.0000000000,7.0000000000,1,KANSAS CITY,KANSAS CITY|JACKSON
JACKSON - KC1311,19,1.0000000000,15.0000000000,15.0000000000,1,KANSAS CITY,KANSAS CITY|JACKSON
JACKSON - KC1313,19,0.8695652174,20.0000000000,23.0000000000,1,KANSAS CITY,KANSAS CITY|JACKSON
JACKSON - KC1313,23,0.1304347826,3.0000000000,23.0000000000,1,KANSAS CITY,KANSAS CITY|JACKSON
JACKSON - KC1314,19,1.0000000000,17.0000000000,17.0000000000,1,KANSAS CITY,KANSAS CITY|JACKSON
JACKSON - KC1504,23,1.0000000000,6.0000000000,6.0000000000,1,KANSAS CITY,KANSAS CITY|JACKSON
JACKSON - KC1507,22,0.0952380952,2.0000000000,21.0000000000,1,KANSAS CITY,KANSAS CITY|JACKSON
JACKSON - KC1507,23,0.9047619048,19.0000000000,21.0000000000,1,KANSAS CITY,KANSAS CITY|JACKSON
JACKSON - KC1515,27,1.0000000000,1.0000000000,1.0000000000,1,KANSAS CITY,KANSAS CITY|JACKSON
JACKSON - KC1516,22,1.0000000000,2.0000000000,2.0000000000,1,KANSAS CITY,KANSAS CITY|JACKSON
JACKSON - KC1520,22,1.0000000000,8.0000000000,8.0000000000,1,KANSAS CITY,KANSAS CITY|JACKSON
JACKSON - KC1523,19,1.0000000000,6.0000000000,6.0000000000,1,KANSAS CITY,KANSAS CITY|JACKSON
JACKSON - KC1607,27,1.0000000000,4.0000000000,4.0000000000,1,KANSAS CITY,KANSAS CITY|JACKSON
JACKSON - KC1904,37,1.0000000000,7.0000000000,7.0000000000,1,KANSAS CITY,KANSAS CITY|JACKSON
JACKSON - KC1905,26,1.0000000000,6.0000000000,6.0000000000,1,KANSAS CITY,KANSAS CITY|JACKSON
JACKSON - KC1907,26,1.0000000000,2.0000000000,2.0000000000,1,KANSAS CITY,KANSAS CITY|JACKSON
JACKSON - KC1915,37,1.0000000000,1.0000000000,1.0000000000,1,KANSAS CITY,KANSAS CITY|JACKSON
JACKSON - KC1916,37,1.0000000000,18.0000000000,18.0000000000,1,KANSAS CITY,KANSAS CITY|JACKSON
JACKSON - KC1920,26,0.7500000000,6.0000000000,8.0000000000,1,KANSAS CITY,KANSAS CITY|JACKSON
JACKSON - KC1920,37,0.2500000000,2.0000000000,8.0000000000,1,KANSAS CITY,KANSAS CITY|JACKSON
JACKSON - KC2003,37,1.0000000000,5.0000000000,5.0000000000,1,KANSAS CITY,KANSAS CITY|JACKSON
JACKSON - KC2010,36,0.5000000000,2.0000000000,4.0000000000,1,KANSAS CITY,KANSAS CITY|JACKSON
JACKSON - KC2010,37,0.5000000000,2.0000000000,4.0000000000,1,KANSAS CITY,KANSAS CITY|JACKSON
JACKSON - KC2201,36,1.0000000000,9.0000000000,9.0000000000,1,KANSAS CITY,KANSAS CITY|JACKSON
JACKSON - KC2212,36,1.0000000000,18.0000000000,18.0000000000,1,KANSAS CITY,KANSAS CITY|JACKSON
JACKSON - KC2213,36,1.0000000000,5.0000000000,5.0000000000,1,KANSAS CITY,KANSAS CITY|JACKSON
JACKSON - KC2301,28,1.0000000000,8.0000000000,8.0000000000,1,KANSAS CITY,KANSAS CITY|JACKSON
JACKSON - KC2302,22,1.0000000000,3.0000000000,3.0000000000,1,KANSAS CITY,KANSAS CITY|JACKSON
JACKSON - KC2304,28,1.0000000000,1.0000000000,1.0000000000,1,KANSAS CITY,KANSAS CITY|JACKSON
JACKSON - KC2308,22,1.0000000000,1.0000000000,1.0000000000,1,KANSAS CITY,KANSAS CITY|JACKSON
JACKSON - KC2312,27,1.0000000000,6.0000000000,6.0000000000,1,KANSAS CITY,KANSAS CITY|JACKSON
JACKSON - KC2403,35,1.0000000000,5.0000000000,5.0000000000,1,KANSAS CITY,KANSAS CITY|JACKSON
JACKSON - KC2414,35,1.0000000000,2.0000000000,2.0000000000,1,KANSAS CITY,KANSAS CITY|JACKSON
JACKSON - KC2416,35,1.0000000000,3.0000000000,3.0000000000,1,KANSAS CITY,KANSAS CITY|JACKSON
JACKSON - KC2419,35,1.0000000000,5.0000000000,5.0000000000,1,KANSAS CITY,KANSAS CITY|JACKSON
JACKSON - KC2423,35,1.0000000000,5.0000000000,5.0000000000,1,KANSAS CITY,KANSAS CITY|JACKSON
JACKSON - KC2427,35,1.0000000000,1.0000000000,1.0000000000,1,KANSAS CITY,KANSAS CITY|JACKSON
JACKSON - KC2428,35,1.0000000000,3.0000000000,3.0000000000,1,KANSAS CITY,KANSAS CITY|JACKSON
JACKSON - KC2430,35,1.0000000000,1.0000000000,1.0000000000,1,KANSAS CITY,KANSAS CITY|JACKSON
JACKSON - KC2512,35,0.7777777778,7.0000000000,9.0000000000,1,KANSAS CITY,KANSAS CITY|JACKSON
JACKSON - KC2512,37,0.2222222222,2.0000000000,9.0000000000,1,KANSAS CITY,KANSAS CITY|JACKSON
JACKSON - KC2607,26,1.0000000000,4.0000000000,4.0000000000,1,KANSAS CITY,KANSAS CITY|JACKSON
JACKSON - KC2608,26,1.0000000000,8.0000000000,8.0000000000,1,KANSAS CITY,KANSAS CITY|JACKSON
JACKSON - KC2611,26,1.0000000000,6.0000000000,6.0000000000,1,KANSAS CITY,KANSAS CITY|JACKSON
JACKSON - KC2612,37,1.0000000000,1.0000000000,1.0000000000,1,KANSAS CITY,KANSAS CITY|JACKSON
JACKSON - KC2613,26,1.0000000000,4.0000000000,4.0000000000,1,KANSAS CITY,KANSAS CITY|JACKSON
JACKSON - PR1601,20,1.0000000000,2.0000000000,2.0000000000,0,JACKSON,JACKSON|KANSAS CITY
JACKSON - PR1602,34,1.0000000000,39.0000000000,39.0000000000,0,JACKSON,JACKSON|KANSAS CITY
JACKSON - PR1610,34,1.0000000000,19.0000000000,19.0000000000,0,JACKSON,JACKSON|KANSAS CITY
JACKSON - PR1625,34,0.7400000000,37.0000000000,50.0000000000,0,JACKSON,JACKSON|KANSAS CITY
JACKSON - PR1625,35,0.2600000000,13.0000000000,50.0000000000,0,JACKSON,JACKSON|KANSAS CITY
JACKSON - PR1654,33,1.0000000000,19.0000000000,19.0000000000,0,JACKSON,JACKSON|KANSAS CITY
JACKSON - PR1655,33,1.0000000000,2.0000000000,2.0000000000,0,JACKSON,JACKSON|KANSAS CITY
JACKSON - PR1657,33,1.0000000000,1.0000000000,1.0000000000,0,JACKSON,JACKSON|KANSAS CITY
JACKSON - PR1658,33,1.0000000000,1.0000000000,1.0000000000,0,JACKSON,JACKSON|KANSAS CITY
JACKSON - PR1661,33,1.0000000000,2.0000000000,2.0000000000,0,JACKSON,JACKSON|KANSAS CITY
JACKSON - PR1663,33,1.0000000000,1.0000000000,1.0000000000,0,JACKSON,JACKSON|KANSAS CITY
JACKSON - SB1602,20,0.7142857143,10.0000000000,14.0000000000,0,JACKSON,JACKSON|KANSAS CITY
JACKSON - SB1602,31,0.2857142857,4.0000000000,14.0000000000,0,JACKSON,JACKSON|KANSAS CITY
JACKSON - SB1616,32,0.2400000000,6.0000000000,25.0000000000,0,JACKSON,JACKSON|KANSAS CITY
JACKSON - SB1616,33,0.7600000000,19.0000000000,25.0000000000,0,JACKSON,JACKSON|KANSAS CITY
JACKSON - SB1634,33,1.0000000000,10.0000000000,10.0000000000,0,JACKSON,JACKSON|KANSAS CITY
JACKSON - SB1635,33,1.0000000000,3.0000000000,3.0000000000,0,JACKSON,JACKSON|KANSAS CITY
JACKSON - SB1649,32,1.0000000000,9.0000000000,9.0000000000,0,JACKSON,JACKSON|KANSAS CITY
JACKSON - SB1683,33,1.0000000000,1.0000000000,1.0000000000,0,JACKSON,JACKSON|KANSAS CITY
JACKSON - VB1601,33,1.0000000000,6.0000000000,6.0000000000,0,JACKSON,JACKSON|KANSAS CITY
JACKSON - VB1603,33,1.0000000000,14.0000000000,14.0000000000,0,JACKSON,JACKSON|KANSAS CITY
JACKSON - VB1604,33,1.0000000000,3.0000000000,3.0000000000,0,JACKSON,JACKSON|KANSAS CITY
JACKSON - VB1606,33,1.0000000000,1.0000000000,1.0000000000,0,JACKSON,JACKSON|KANSAS CITY
JACKSON - VB1607,33,1.0000000000,7.0000000000,7.0000000000,0,JACKSON,JACKSON|KANSAS CITY
JACKSON - VB1608,33,1.0000000000,20.0000000000,20.0000000000,0,JACKSON,JACKSON|KANSAS CITY
JACKSON - VB1609,33,1.0000000000,10.0000000000,10.0000000000,0,JACKSON,JACKSON|KANSAS CITY
JACKSON - VB1610,33,1.0000000000,8.0000000000,8.0000000000,0,JACKSON,JACKSON|KANSAS CITY
JACKSON - VB1611,33,1.0000000000,54.0000000000,54.0000000000,0,JACKSON,JACKSON|KANSAS CITY
JACKSON - VB1613,33,1.0000000000,33.0000000000,33.0000000000,0,JACKSON,JACKSON|KANSAS CITY
JACKSON - VB1617,33,1.0000000000,9.0000000000,9.0000000000,0,JACKSON,JACKSON|KANSAS CITY
